127.0.0.1,4242,0.010244607925415039,06:16:55.625052,Queue : []
127.0.0.1,4242,0.02712869644165039,06:16:55.641934,Queue : []
127.0.0.1,4242,0.043749094009399414,06:16:55.658555,Queue : []
127.0.0.1,4242,0.06057476997375488,06:16:55.675381,Queue : []
127.0.0.1,4242,0.07724475860595703,06:16:55.692054,Queue : []
127.0.0.1,4242,0.09445047378540039,06:16:55.709268,Queue : []
127.0.0.1,4242,0.11033368110656738,06:16:55.725139,Queue : []
127.0.0.1,4242,0.1270463466644287,06:16:55.741854,Queue : []
127.0.0.1,4242,0.14387750625610352,06:16:55.758685,Queue : []
127.0.0.1,4242,0.16059088706970215,06:16:55.775402,Queue : []
127.0.0.1,4242,0.17753124237060547,06:16:55.792346,Queue : []
127.0.0.1,4242,0.1938033103942871,06:16:55.808610,Queue : []
127.0.0.1,4242,0.21071600914001465,06:16:55.825524,Queue : []
127.0.0.1,4242,0.22730660438537598,06:16:55.842119,Queue : []
127.0.0.1,4242,0.24377679824829102,06:16:55.858584,Queue : []
127.0.0.1,4242,0.2607419490814209,06:16:55.875554,Queue : []
127.0.0.1,4242,0.2774012088775635,06:16:55.892213,Queue : []
127.0.0.1,4242,0.2937812805175781,06:16:55.908586,Queue : []
127.0.0.1,4242,0.3106245994567871,06:16:55.925435,Queue : []
127.0.0.1,4242,0.32715845108032227,06:16:55.941967,Queue : []
127.0.0.1,4242,0.34408020973205566,06:16:55.958893,Queue : []
127.0.0.1,4242,0.3603959083557129,06:16:55.975203,Queue : []
127.0.0.1,4242,0.377335786819458,06:16:55.992147,Queue : []
127.0.0.1,4242,0.39366841316223145,06:16:56.008474,Queue : []
127.0.0.1,4242,0.41060304641723633,06:16:56.025413,Queue : []
127.0.0.1,4242,0.42693328857421875,06:16:56.041741,Queue : []
127.0.0.1,4242,0.4436929225921631,06:16:56.058499,Queue : []
127.0.0.1,4242,0.46053409576416016,06:16:56.075345,Queue : []
127.0.0.1,4242,0.47731876373291016,06:16:56.092139,Queue : []
127.0.0.1,4242,0.4938981533050537,06:16:56.108705,Queue : []
127.0.0.1,4242,0.5106098651885986,06:16:56.125418,Queue : []
127.0.0.1,4242,0.5271096229553223,06:16:56.141915,Queue : []
127.0.0.1,4242,0.5440840721130371,06:16:56.158896,Queue : []
127.0.0.1,4242,0.5606675148010254,06:16:56.175476,Queue : []
127.0.0.1,4242,0.5769650936126709,06:16:56.191770,Queue : []
127.0.0.1,4242,0.5938220024108887,06:16:56.208628,Queue : []
127.0.0.1,4242,0.6107022762298584,06:16:56.225510,Queue : []
127.0.0.1,4242,0.6269962787628174,06:16:56.241798,Queue : []
127.0.0.1,4242,0.6436617374420166,06:16:56.258467,Queue : []
127.0.0.1,4242,0.6605062484741211,06:16:56.275311,Queue : []
127.0.0.1,4242,0.6772572994232178,06:16:56.292064,Queue : []
127.0.0.1,4242,0.6941850185394287,06:16:56.309000,Queue : []
127.0.0.1,4242,0.7106950283050537,06:16:56.325507,Queue : []
127.0.0.1,4242,0.7268550395965576,06:16:56.341657,Queue : []
127.0.0.1,4242,0.7436370849609375,06:16:56.358442,Queue : []
127.0.0.1,4242,0.7605283260345459,06:16:56.375335,Queue : []
127.0.0.1,4242,0.7768440246582031,06:16:56.391647,Queue : []
127.0.0.1,4242,0.7937543392181396,06:16:56.408561,Queue : []
127.0.0.1,4242,0.8102524280548096,06:16:56.425057,Queue : []
127.0.0.1,4242,0.8271312713623047,06:16:56.441938,Queue : []
127.0.0.1,4242,0.8439111709594727,06:16:56.458716,Queue : []
127.0.0.1,4242,0.8604154586791992,06:16:56.475220,Queue : []
127.0.0.1,4242,0.877021312713623,06:16:56.491824,Queue : []
127.0.0.1,4242,0.8936789035797119,06:16:56.508482,Queue : []
127.0.0.1,4242,0.9104001522064209,06:16:56.525205,Queue : []
127.0.0.1,4242,0.9272778034210205,06:16:56.542083,Queue : []
127.0.0.1,4242,0.9437332153320312,06:16:56.558539,Queue : []
127.0.0.1,4242,0.9603655338287354,06:16:56.575170,Queue : []
127.0.0.1,4242,0.9770758152008057,06:16:56.591880,Queue : []
127.0.0.1,4242,0.9939422607421875,06:16:56.608748,Queue : []
127.0.0.1,4242,1.0104162693023682,06:16:56.625221,Queue : []
127.0.0.1,4242,1.0271492004394531,06:16:56.641954,Queue : []
127.0.0.1,4242,1.0440189838409424,06:16:56.658828,Queue : []
127.0.0.1,4242,1.060279369354248,06:16:56.675084,Queue : []
127.0.0.1,4242,1.0771100521087646,06:16:56.691916,Queue : []
127.0.0.1,4242,1.094231128692627,06:16:56.709043,Queue : []
127.0.0.1,4242,1.1102511882781982,06:16:56.725055,Queue : []
127.0.0.1,4242,1.1269326210021973,06:16:56.741737,Queue : []
127.0.0.1,4242,1.1434597969055176,06:16:56.758268,Queue : []
127.0.0.1,4242,1.1601629257202148,06:16:56.774965,Queue : []
127.0.0.1,4242,1.1769287586212158,06:16:56.791732,Queue : []
127.0.0.1,4242,1.1938061714172363,06:16:56.808611,Queue : []
127.0.0.1,4242,1.2105426788330078,06:16:56.825352,Queue : []
127.0.0.1,4242,1.2274091243743896,06:16:56.842217,Queue : []
127.0.0.1,4242,1.2436959743499756,06:16:56.858500,Queue : []
127.0.0.1,4242,1.260683298110962,06:16:56.875491,Queue : []
127.0.0.1,4242,1.2773563861846924,06:16:56.892164,Queue : []
127.0.0.1,4242,1.2938272953033447,06:16:56.908634,Queue : []
127.0.0.1,4242,1.3105781078338623,06:16:56.925386,Queue : []
127.0.0.1,4242,1.3273310661315918,06:16:56.942139,Queue : []
127.0.0.1,4242,1.343621015548706,06:16:56.958425,Queue : []
127.0.0.1,4242,1.3605265617370605,06:16:56.975332,Queue : []
127.0.0.1,4242,1.3774006366729736,06:16:56.992209,Queue : []
127.0.0.1,4242,1.393974781036377,06:16:57.008782,Queue : []
127.0.0.1,4242,1.4108402729034424,06:16:57.025653,Queue : []
127.0.0.1,4242,1.4269869327545166,06:16:57.041794,Queue : []
127.0.0.1,4242,1.4437758922576904,06:16:57.058580,Queue : []
127.0.0.1,4242,1.4606835842132568,06:16:57.075490,Queue : []
127.0.0.1,4242,1.4773740768432617,06:16:57.092182,Queue : []
127.0.0.1,4242,1.4938156604766846,06:16:57.108621,Queue : []
127.0.0.1,4242,1.5107722282409668,06:16:57.125581,Queue : []
127.0.0.1,4242,1.5270187854766846,06:16:57.141824,Queue : []
127.0.0.1,4242,1.5439937114715576,06:16:57.158804,Queue : []
127.0.0.1,4242,1.56062912940979,06:16:57.175433,Queue : []
127.0.0.1,4242,1.5769665241241455,06:16:57.191769,Queue : []
127.0.0.1,4242,1.593796968460083,06:16:57.208601,Queue : []
127.0.0.1,4242,1.6104578971862793,06:16:57.225264,Queue : []
127.0.0.1,4242,1.627277135848999,06:16:57.242088,Queue : []
127.0.0.1,4242,1.6441559791564941,06:16:57.258963,Queue : []
127.0.0.1,4242,1.6603145599365234,06:16:57.275118,Queue : []
127.0.0.1,4242,1.6773262023925781,06:16:57.292133,Queue : []
127.0.0.1,4242,1.6940059661865234,06:16:57.308816,Queue : []
127.0.0.1,4242,1.7106361389160156,06:16:57.325444,Queue : []
127.0.0.1,4242,1.7276394367218018,06:16:57.342449,Queue : []
127.0.0.1,4242,1.743743658065796,06:16:57.358549,Queue : []
127.0.0.1,4242,1.7604656219482422,06:16:57.375273,Queue : []
127.0.0.1,4242,1.777071237564087,06:16:57.391878,Queue : []
127.0.0.1,4242,1.7939021587371826,06:16:57.408711,Queue : []
127.0.0.1,4242,1.8103125095367432,06:16:57.425116,Queue : []
127.0.0.1,4242,1.8270893096923828,06:16:57.441895,Queue : []
127.0.0.1,4242,1.8438823223114014,06:16:57.458692,Queue : []
127.0.0.1,4242,1.860238790512085,06:16:57.475043,Queue : []
127.0.0.1,4242,1.8771049976348877,06:16:57.491913,Queue : []
127.0.0.1,4242,1.8936078548431396,06:16:57.508412,Queue : []
127.0.0.1,4242,1.9104080200195312,06:16:57.525215,Queue : []
127.0.0.1,4242,1.927267074584961,06:16:57.542076,Queue : []
127.0.0.1,4242,1.9438295364379883,06:16:57.558634,Queue : []
127.0.0.1,4242,1.960580587387085,06:16:57.575388,Queue : []
127.0.0.1,4242,1.977433681488037,06:16:57.592241,Queue : []
127.0.0.1,4242,1.993804693222046,06:16:57.608611,Queue : []
127.0.0.1,4242,2.0104410648345947,06:16:57.625247,Queue : []
127.0.0.1,4242,2.027163028717041,06:16:57.641966,Queue : []
127.0.0.1,4242,2.043722629547119,06:16:57.658525,Queue : []
127.0.0.1,4242,2.060316801071167,06:16:57.675121,Queue : []
127.0.0.1,4242,2.0772628784179688,06:16:57.692072,Queue : []
127.0.0.1,4242,2.0937609672546387,06:16:57.708568,Queue : []
127.0.0.1,4242,2.1103100776672363,06:16:57.725114,Queue : []
127.0.0.1,4242,2.1270053386688232,06:16:57.741810,Queue : []
127.0.0.1,4242,2.143720865249634,06:16:57.758527,Queue : []
127.0.0.1,4242,2.160564661026001,06:16:57.775372,Queue : []
127.0.0.1,4242,2.177125930786133,06:16:57.791933,Queue : []
127.0.0.1,4242,2.193887233734131,06:16:57.808696,Queue : []
127.0.0.1,4242,2.2107479572296143,06:16:57.825557,Queue : []
127.0.0.1,4242,2.227121353149414,06:16:57.841927,Queue : []
127.0.0.1,4242,2.243887424468994,06:16:57.858697,Queue : []
127.0.0.1,4242,2.2607572078704834,06:16:57.875567,Queue : []
127.0.0.1,4242,2.277024030685425,06:16:57.891831,Queue : []
127.0.0.1,4242,2.293842315673828,06:16:57.908646,Queue : []
127.0.0.1,4242,2.3106231689453125,06:16:57.925430,Queue : []
127.0.0.1,4242,2.3273725509643555,06:16:57.942185,Queue : []
127.0.0.1,4242,2.3440911769866943,06:16:57.958902,Queue : []
127.0.0.1,4242,2.360401153564453,06:16:57.975206,Queue : []
127.0.0.1,4242,2.3772976398468018,06:16:57.992104,Queue : []
127.0.0.1,4242,2.393843173980713,06:16:58.008652,Queue : []
127.0.0.1,4242,2.410576581954956,06:16:58.025383,Queue : []
127.0.0.1,4242,2.4269492626190186,06:16:58.041753,Queue : []
127.0.0.1,4242,2.443706512451172,06:16:58.058512,Queue : []
127.0.0.1,4242,2.460418224334717,06:16:58.075223,Queue : []
127.0.0.1,4242,2.477365732192993,06:16:58.092172,Queue : []
127.0.0.1,4242,2.4940567016601562,06:16:58.108864,Queue : []
127.0.0.1,4242,2.510565757751465,06:16:58.125371,Queue : []
127.0.0.1,4242,2.527416229248047,06:16:58.142223,Queue : []
127.0.0.1,4242,2.5438382625579834,06:16:58.158643,Queue : []
127.0.0.1,4242,2.5606868267059326,06:16:58.175499,Queue : []
127.0.0.1,4242,2.5772385597229004,06:16:58.192044,Queue : []
127.0.0.1,4242,2.5935311317443848,06:16:58.208335,Queue : []
127.0.0.1,4242,2.61040997505188,06:16:58.225214,Queue : []
127.0.0.1,4242,2.627192735671997,06:16:58.241998,Queue : []
127.0.0.1,4242,2.6439261436462402,06:16:58.258732,Queue : []
127.0.0.1,4242,2.660648822784424,06:16:58.275456,Queue : []
127.0.0.1,4242,2.677189588546753,06:16:58.291998,Queue : []
127.0.0.1,4242,2.6942641735076904,06:16:58.309079,Queue : []
127.0.0.1,4242,2.710744857788086,06:16:58.325555,Queue : []
127.0.0.1,4242,2.7273364067077637,06:16:58.342143,Queue : []
127.0.0.1,4242,2.7441112995147705,06:16:58.358919,Queue : []
127.0.0.1,4242,2.7607362270355225,06:16:58.375543,Queue : []
127.0.0.1,4242,2.777041435241699,06:16:58.391848,Queue : []
127.0.0.1,4242,2.793748378753662,06:16:58.408555,Queue : []
127.0.0.1,4242,2.810272216796875,06:16:58.425075,Queue : []
127.0.0.1,4242,2.827019691467285,06:16:58.441825,Queue : []
127.0.0.1,4242,2.843555212020874,06:16:58.458358,Queue : []
127.0.0.1,4242,2.8603265285491943,06:16:58.475132,Queue : []
127.0.0.1,4242,2.8772764205932617,06:16:58.492084,Queue : []
127.0.0.1,4242,2.893746852874756,06:16:58.508553,Queue : []
127.0.0.1,4242,2.910456895828247,06:16:58.525262,Queue : []
127.0.0.1,4242,2.926982879638672,06:16:58.541788,Queue : []
127.0.0.1,4242,2.943716287612915,06:16:58.558524,Queue : []
127.0.0.1,4242,2.9605278968811035,06:16:58.575335,Queue : []
127.0.0.1,4242,2.977080821990967,06:16:58.591885,Queue : []
127.0.0.1,4242,2.993741750717163,06:16:58.608549,Queue : []
127.0.0.1,4242,3.0106451511383057,06:16:58.625455,Queue : []
127.0.0.1,4242,3.0269453525543213,06:16:58.641751,Queue : []
127.0.0.1,4242,3.0436813831329346,06:16:58.658488,Queue : []
127.0.0.1,4242,3.060471773147583,06:16:58.675280,Queue : []
127.0.0.1,4242,3.076925277709961,06:16:58.691728,Queue : []
127.0.0.1,4242,3.0938010215759277,06:16:58.708607,Queue : []
127.0.0.1,4242,3.110619306564331,06:16:58.725426,Queue : []
127.0.0.1,4242,3.127224922180176,06:16:58.742034,Queue : []
127.0.0.1,4242,3.144066333770752,06:16:58.758877,Queue : []
127.0.0.1,4242,3.1603646278381348,06:16:58.775168,Queue : []
127.0.0.1,4242,3.1770572662353516,06:16:58.791862,Queue : []
127.0.0.1,4242,3.1938459873199463,06:16:58.808653,Queue : []
127.0.0.1,4242,3.2106845378875732,06:16:58.825494,Queue : []
127.0.0.1,4242,3.227365255355835,06:16:58.842178,Queue : []
127.0.0.1,4242,3.243640184402466,06:16:58.858446,Queue : []
127.0.0.1,4242,3.2604987621307373,06:16:58.875308,Queue : []
127.0.0.1,4242,3.2772278785705566,06:16:58.892037,Queue : []
127.0.0.1,4242,3.294093608856201,06:16:58.908906,Queue : []
127.0.0.1,4242,3.3110897541046143,06:16:58.925906,Queue : []
127.0.0.1,4242,3.327378511428833,06:16:58.942188,Queue : []
127.0.0.1,4242,3.343820095062256,06:16:58.958628,Queue : []
127.0.0.1,4242,3.360658884048462,06:16:58.975471,Queue : []
127.0.0.1,4242,3.3771257400512695,06:16:58.991933,Queue : []
127.0.0.1,4242,3.393730640411377,06:16:59.008538,Queue : []
127.0.0.1,4242,3.4105441570281982,06:16:59.025351,Queue : []
127.0.0.1,4242,3.4269680976867676,06:16:59.041774,Queue : []
127.0.0.1,4242,3.4435384273529053,06:16:59.058341,Queue : []
127.0.0.1,4242,3.460345983505249,06:16:59.075151,Queue : []
127.0.0.1,4242,3.477163553237915,06:16:59.091969,Queue : []
127.0.0.1,4242,3.494029998779297,06:16:59.108841,Queue : []
127.0.0.1,4242,3.5104408264160156,06:16:59.125245,Queue : []
127.0.0.1,4242,3.527313470840454,06:16:59.142120,Queue : []
127.0.0.1,4242,3.5437662601470947,06:16:59.158570,Queue : []
127.0.0.1,4242,3.5606350898742676,06:16:59.175442,Queue : []
127.0.0.1,4242,3.577498435974121,06:16:59.192308,Queue : []
127.0.0.1,4242,3.5939090251922607,06:16:59.208713,Queue : []
127.0.0.1,4242,3.610457181930542,06:16:59.225262,Queue : []
127.0.0.1,4242,3.6271047592163086,06:16:59.241912,Queue : []
127.0.0.1,4242,3.6440463066101074,06:16:59.258858,Queue : []
127.0.0.1,4242,3.6607840061187744,06:16:59.275593,Queue : []
127.0.0.1,4242,3.6770803928375244,06:16:59.291885,Queue : []
127.0.0.1,4242,3.693948268890381,06:16:59.308756,Queue : []
127.0.0.1,4242,3.71049427986145,06:16:59.325300,Queue : []
127.0.0.1,4242,3.7273879051208496,06:16:59.342200,Queue : []
127.0.0.1,4242,3.7438440322875977,06:16:59.358650,Queue : []
127.0.0.1,4242,3.760617733001709,06:16:59.375423,Queue : []
127.0.0.1,4242,3.777811050415039,06:16:59.392621,Queue : []
127.0.0.1,4242,3.793574571609497,06:16:59.408377,Queue : []
127.0.0.1,4242,3.8104429244995117,06:16:59.425248,Queue : []
127.0.0.1,4242,3.827087640762329,06:16:59.441893,Queue : []
127.0.0.1,4242,3.843829393386841,06:16:59.458634,Queue : []
127.0.0.1,4242,3.8602800369262695,06:16:59.475083,Queue : []
127.0.0.1,4242,3.8770289421081543,06:16:59.491833,Queue : []
127.0.0.1,4242,3.894010066986084,06:16:59.508817,Queue : []
127.0.0.1,4242,3.910351276397705,06:16:59.525155,Queue : []
127.0.0.1,4242,3.926982879638672,06:16:59.541786,Queue : []
127.0.0.1,4242,3.94364595413208,06:16:59.558449,Queue : []
127.0.0.1,4242,3.9603593349456787,06:16:59.575164,Queue : []
127.0.0.1,4242,3.976883888244629,06:16:59.591685,Queue : []
127.0.0.1,4242,3.99371600151062,06:16:59.608520,Queue : []
127.0.0.1,4242,4.010442018508911,06:16:59.625249,Queue : []
127.0.0.1,4242,4.026990175247192,06:16:59.641793,Queue : []
127.0.0.1,4242,4.043551921844482,06:16:59.658353,Queue : []
127.0.0.1,4242,4.0604166984558105,06:16:59.675223,Queue : []
127.0.0.1,4242,4.076993465423584,06:16:59.691798,Queue : []
127.0.0.1,4242,4.0937721729278564,06:16:59.708579,Queue : []
127.0.0.1,4242,4.110234975814819,06:16:59.725038,Queue : []
127.0.0.1,4242,4.126813888549805,06:16:59.741614,Queue : []
127.0.0.1,4242,4.143615961074829,06:16:59.758419,Queue : []
127.0.0.1,4242,4.160367965698242,06:16:59.775174,Queue : []
127.0.0.1,4242,4.178840398788452,06:16:59.793645,Queue : []
127.0.0.1,4242,4.194295883178711,06:16:59.809101,Queue : []
127.0.0.1,4242,4.21031379699707,06:16:59.825117,Queue : []
127.0.0.1,4242,4.227180480957031,06:16:59.841985,Queue : []
127.0.0.1,4242,4.243975639343262,06:16:59.858783,Queue : []
127.0.0.1,4242,4.261113405227661,06:16:59.875924,Queue : []
127.0.0.1,4242,4.276848793029785,06:16:59.891654,Queue : []
127.0.0.1,4242,4.293569326400757,06:16:59.908373,Queue : []
127.0.0.1,4242,4.3104047775268555,06:16:59.925212,Queue : []
127.0.0.1,4242,4.327236890792847,06:16:59.942043,Queue : []
127.0.0.1,4242,4.344103574752808,06:16:59.958916,Queue : []
127.0.0.1,4242,4.360596179962158,06:16:59.975404,Queue : []
127.0.0.1,4242,4.377008676528931,06:16:59.991812,Queue : []
127.0.0.1,4242,4.393890857696533,06:17:00.008697,Queue : []
127.0.0.1,4242,4.410362482070923,06:17:00.025166,Queue : []
127.0.0.1,4242,4.427041530609131,06:17:00.041849,Queue : []
127.0.0.1,4242,4.443761110305786,06:17:00.058568,Queue : []
127.0.0.1,4242,4.460597276687622,06:17:00.075406,Queue : []
127.0.0.1,4242,4.477088689804077,06:17:00.091894,Queue : []
127.0.0.1,4242,4.493885517120361,06:17:00.108693,Queue : []
127.0.0.1,4242,4.510804176330566,06:17:00.125616,Queue : []
127.0.0.1,4242,4.527151823043823,06:17:00.141959,Queue : []
127.0.0.1,4242,4.543898344039917,06:17:00.158708,Queue : []
127.0.0.1,4242,4.560857534408569,06:17:00.175670,Queue : []
127.0.0.1,4242,4.57707405090332,06:17:00.191880,Queue : []
127.0.0.1,4242,4.593858957290649,06:17:00.208665,Queue : []
127.0.0.1,4242,4.610757350921631,06:17:00.225565,Queue : []
127.0.0.1,4242,4.627107381820679,06:17:00.241911,Queue : []
127.0.0.1,4242,4.643819332122803,06:17:00.258625,Queue : []
127.0.0.1,4242,4.6606385707855225,06:17:00.275446,Queue : []
127.0.0.1,4242,4.677292108535767,06:17:00.292099,Queue : []
127.0.0.1,4242,4.6938087940216064,06:17:00.308617,Queue : []
127.0.0.1,4242,4.710554599761963,06:17:00.325363,Queue : []
127.0.0.1,4242,4.727102279663086,06:17:00.341909,Queue : []
127.0.0.1,4242,4.743966579437256,06:17:00.358776,Queue : []
127.0.0.1,4242,4.7603795528411865,06:17:00.375184,Queue : []
127.0.0.1,4242,4.777379035949707,06:17:00.392186,Queue : []
127.0.0.1,4242,4.79352879524231,06:17:00.408331,Queue : []
127.0.0.1,4242,4.810468912124634,06:17:00.425275,Queue : []
127.0.0.1,4242,4.827100992202759,06:17:00.441904,Queue : []
127.0.0.1,4242,4.843697547912598,06:17:00.458503,Queue : []
127.0.0.1,4242,4.860445261001587,06:17:00.475250,Queue : []
127.0.0.1,4242,4.876931428909302,06:17:00.491734,Queue : []
127.0.0.1,4242,4.893786668777466,06:17:00.508592,Queue : []
127.0.0.1,4242,4.910256624221802,06:17:00.525060,Queue : []
127.0.0.1,4242,4.927068710327148,06:17:00.541874,Queue : []
127.0.0.1,4242,4.943768262863159,06:17:00.558574,Queue : []
127.0.0.1,4242,4.960200071334839,06:17:00.575005,Queue : []
127.0.0.1,4242,4.977091312408447,06:17:00.591902,Queue : []
127.0.0.1,4242,4.994007587432861,06:17:00.608814,Queue : []
127.0.0.1,4242,5.010781288146973,06:17:00.625589,Queue : []
127.0.0.1,4242,5.027266979217529,06:17:00.642074,Queue : []
127.0.0.1,4242,5.043686628341675,06:17:00.658490,Queue : []
127.0.0.1,4242,5.06050181388855,06:17:00.675307,Queue : []
127.0.0.1,4242,5.077320098876953,06:17:00.692126,Queue : []
127.0.0.1,4242,5.093849420547485,06:17:00.708661,Queue : []
127.0.0.1,4242,5.110433578491211,06:17:00.725241,Queue : []
127.0.0.1,4242,5.126949787139893,06:17:00.741755,Queue : []
127.0.0.1,4242,5.144351005554199,06:17:00.759165,Queue : []
127.0.0.1,4242,5.160421848297119,06:17:00.775227,Queue : []
127.0.0.1,4242,5.177295207977295,06:17:00.792106,Queue : []
127.0.0.1,4242,5.19357967376709,06:17:00.808383,Queue : []
127.0.0.1,4242,5.210474014282227,06:17:00.825280,Queue : []
127.0.0.1,4242,5.227250814437866,06:17:00.842059,Queue : []
127.0.0.1,4242,5.244043350219727,06:17:00.858852,Queue : []
127.0.0.1,4242,5.260568618774414,06:17:00.875375,Queue : []
127.0.0.1,4242,5.277098178863525,06:17:00.891904,Queue : []
127.0.0.1,4242,5.293852090835571,06:17:00.908661,Queue : []
127.0.0.1,4242,5.310423851013184,06:17:00.925231,Queue : []
127.0.0.1,4242,5.327383041381836,06:17:00.942193,Queue : []
127.0.0.1,4242,5.343751430511475,06:17:00.958556,Queue : []
127.0.0.1,4242,5.36044979095459,06:17:00.975255,Queue : []
127.0.0.1,4242,5.377146244049072,06:17:00.991952,Queue : []
127.0.0.1,4242,5.393939256668091,06:17:01.008747,Queue : []
127.0.0.1,4242,5.410653591156006,06:17:01.025464,Queue : []
127.0.0.1,4242,5.4268553256988525,06:17:01.041661,Queue : []
127.0.0.1,4242,5.443634510040283,06:17:01.058438,Queue : []
127.0.0.1,4242,5.460362672805786,06:17:01.075169,Queue : []
127.0.0.1,4242,5.477258682250977,06:17:01.092065,Queue : []
127.0.0.1,4242,5.493836164474487,06:17:01.108642,Queue : []
127.0.0.1,4242,5.51064658164978,06:17:01.125458,Queue : []
127.0.0.1,4242,5.527111291885376,06:17:01.141920,Queue : []
127.0.0.1,4242,5.5438079833984375,06:17:01.158617,Queue : []
127.0.0.1,4242,5.56058406829834,06:17:01.175391,Queue : []
127.0.0.1,4242,5.577643632888794,06:17:01.192456,Queue : []
127.0.0.1,4242,5.594038486480713,06:17:01.208847,Queue : []
127.0.0.1,4242,5.610491514205933,06:17:01.225297,Queue : []
127.0.0.1,4242,5.627686977386475,06:17:01.242496,Queue : []
127.0.0.1,4242,5.643795490264893,06:17:01.258602,Queue : []
127.0.0.1,4242,5.660547971725464,06:17:01.275355,Queue : []
127.0.0.1,4242,5.677253246307373,06:17:01.292059,Queue : []
127.0.0.1,4242,5.694242715835571,06:17:01.309055,Queue : []
127.0.0.1,4242,5.710461616516113,06:17:01.325269,Queue : []
127.0.0.1,4242,5.7273454666137695,06:17:01.342157,Queue : []
127.0.0.1,4242,5.743687629699707,06:17:01.358493,Queue : []
127.0.0.1,4242,5.760659694671631,06:17:01.375468,Queue : []
127.0.0.1,4242,5.777261018753052,06:17:01.392069,Queue : []
127.0.0.1,4242,5.7942540645599365,06:17:01.409066,Queue : []
127.0.0.1,4242,5.810216188430786,06:17:01.425017,Queue : []
127.0.0.1,4242,5.827019691467285,06:17:01.441823,Queue : []
127.0.0.1,4242,5.84378719329834,06:17:01.458591,Queue : []
127.0.0.1,4242,5.860639572143555,06:17:01.475447,Queue : []
127.0.0.1,4242,5.876985549926758,06:17:01.491791,Queue : []
127.0.0.1,4242,5.8937599658966064,06:17:01.508566,Queue : []
127.0.0.1,4242,5.910258054733276,06:17:01.525061,Queue : []
127.0.0.1,4242,5.926959037780762,06:17:01.541763,Queue : []
127.0.0.1,4242,5.943796873092651,06:17:01.558606,Queue : []
127.0.0.1,4242,5.960464000701904,06:17:01.575272,Queue : []
127.0.0.1,4242,5.977060556411743,06:17:01.591867,Queue : []
127.0.0.1,4242,5.9936439990997314,06:17:01.608448,Queue : []
127.0.0.1,4242,6.010199546813965,06:17:01.625001,Queue : []
127.0.0.1,4242,6.027045965194702,06:17:01.641850,Queue : []
127.0.0.1,4242,6.043629169464111,06:17:01.658432,Queue : []
127.0.0.1,4242,6.060499668121338,06:17:01.675306,Queue : []
127.0.0.1,4242,6.076942443847656,06:17:01.691745,Queue : []
127.0.0.1,4242,6.0938966274261475,06:17:01.708705,Queue : []
127.0.0.1,4242,6.1104419231414795,06:17:01.725247,Queue : []
127.0.0.1,4242,6.126972198486328,06:17:01.741776,Queue : []
127.0.0.1,4242,6.143595933914185,06:17:01.758408,Queue : []
127.0.0.1,4242,6.160463809967041,06:17:01.775271,Queue : []
127.0.0.1,4242,6.177340745925903,06:17:01.792147,Queue : []
127.0.0.1,4242,6.194038391113281,06:17:01.808846,Queue : []
127.0.0.1,4242,6.210224628448486,06:17:01.825028,Queue : []
127.0.0.1,4242,6.227098703384399,06:17:01.841903,Queue : []
127.0.0.1,4242,6.244007349014282,06:17:01.858818,Queue : []
127.0.0.1,4242,6.260688543319702,06:17:01.875500,Queue : []
127.0.0.1,4242,6.277150392532349,06:17:01.891956,Queue : []
127.0.0.1,4242,6.293919801712036,06:17:01.908727,Queue : []
127.0.0.1,4242,6.310678005218506,06:17:01.925486,Queue : []
127.0.0.1,4242,6.3271589279174805,06:17:01.941965,Queue : []
127.0.0.1,4242,6.343949317932129,06:17:01.958757,Queue : []
127.0.0.1,4242,6.360544443130493,06:17:01.975350,Queue : []
127.0.0.1,4242,6.37721061706543,06:17:01.992017,Queue : []
127.0.0.1,4242,6.393730640411377,06:17:02.008537,Queue : []
127.0.0.1,4242,6.410613298416138,06:17:02.025420,Queue : []
127.0.0.1,4242,6.427005767822266,06:17:02.041815,Queue : []
127.0.0.1,4242,6.443562746047974,06:17:02.058368,Queue : []
127.0.0.1,4242,6.460351228713989,06:17:02.075154,Queue : []
127.0.0.1,4242,6.477136611938477,06:17:02.091942,Queue : []
127.0.0.1,4242,6.493819713592529,06:17:02.108629,Queue : []
127.0.0.1,4242,6.510509490966797,06:17:02.125318,Queue : []
127.0.0.1,4242,6.527329921722412,06:17:02.142140,Queue : []
127.0.0.1,4242,6.543992280960083,06:17:02.158806,Queue : []
127.0.0.1,4242,6.5605292320251465,06:17:02.175340,Queue : []
127.0.0.1,4242,6.577105760574341,06:17:02.191915,Queue : []
127.0.0.1,4242,6.593856573104858,06:17:02.208665,Queue : []
127.0.0.1,4242,6.610697269439697,06:17:02.225509,Queue : []
127.0.0.1,4242,6.627043724060059,06:17:02.241851,Queue : []
127.0.0.1,4242,6.644122838973999,06:17:02.258934,Queue : []
127.0.0.1,4242,6.660746097564697,06:17:02.275560,Queue : []
127.0.0.1,4242,6.676998138427734,06:17:02.291803,Queue : []
127.0.0.1,4242,6.693857192993164,06:17:02.308662,Queue : []
127.0.0.1,4242,6.7106101512908936,06:17:02.325422,Queue : []
127.0.0.1,4242,6.727269411087036,06:17:02.342077,Queue : []
127.0.0.1,4242,6.744116306304932,06:17:02.358924,Queue : []
127.0.0.1,4242,6.760447263717651,06:17:02.375252,Queue : []
127.0.0.1,4242,6.777321815490723,06:17:02.392130,Queue : []
127.0.0.1,4242,6.793869733810425,06:17:02.408679,Queue : []
127.0.0.1,4242,6.810782194137573,06:17:02.425594,Queue : []
127.0.0.1,4242,6.8268678188323975,06:17:02.441671,Queue : []
127.0.0.1,4242,6.843696355819702,06:17:02.458502,Queue : []
127.0.0.1,4242,6.860223054885864,06:17:02.475026,Queue : []
127.0.0.1,4242,6.877132177352905,06:17:02.491939,Queue : []
127.0.0.1,4242,6.8935325145721436,06:17:02.508335,Queue : []
127.0.0.1,4242,6.910459518432617,06:17:02.525267,Queue : []
127.0.0.1,4242,6.926970958709717,06:17:02.541774,Queue : []
127.0.0.1,4242,6.94366717338562,06:17:02.558472,Queue : []
127.0.0.1,4242,6.960146427154541,06:17:02.574949,Queue : []
127.0.0.1,4242,6.977116346359253,06:17:02.591923,Queue : []
127.0.0.1,4242,6.993492364883423,06:17:02.608295,Queue : []
127.0.0.1,4242,7.010203123092651,06:17:02.625005,Queue : []
127.0.0.1,4242,7.027065277099609,06:17:02.641871,Queue : []
127.0.0.1,4242,7.043944358825684,06:17:02.658755,Queue : []
127.0.0.1,4242,7.060270547866821,06:17:02.675074,Queue : []
127.0.0.1,4242,7.07687520980835,06:17:02.691677,Queue : []
127.0.0.1,4242,7.093741178512573,06:17:02.708548,Queue : []
127.0.0.1,4242,7.110360383987427,06:17:02.725168,Queue : []
127.0.0.1,4242,7.12680983543396,06:17:02.741611,Queue : []
127.0.0.1,4242,7.143662929534912,06:17:02.758466,Queue : []
127.0.0.1,4242,7.160242795944214,06:17:02.775047,Queue : []
127.0.0.1,4242,7.177066802978516,06:17:02.791871,Queue : []
127.0.0.1,4242,7.19381046295166,06:17:02.808619,Queue : []
127.0.0.1,4242,7.21071982383728,06:17:02.825531,Queue : []
127.0.0.1,4242,7.226870775222778,06:17:02.841673,Queue : []
127.0.0.1,4242,7.243673801422119,06:17:02.858477,Queue : []
127.0.0.1,4242,7.260504722595215,06:17:02.875312,Queue : []
127.0.0.1,4242,7.2773919105529785,06:17:02.892201,Queue : []
127.0.0.1,4242,7.293879747390747,06:17:02.908686,Queue : []
127.0.0.1,4242,7.3105995655059814,06:17:02.925408,Queue : []
127.0.0.1,4242,7.327025413513184,06:17:02.941829,Queue : []
127.0.0.1,4242,7.343928098678589,06:17:02.958738,Queue : []
127.0.0.1,4242,7.360662937164307,06:17:02.975470,Queue : []
127.0.0.1,4242,7.3770880699157715,06:17:02.991894,Queue : []
127.0.0.1,4242,7.3938820362091064,06:17:03.008688,Queue : []
127.0.0.1,4242,7.410556077957153,06:17:03.025363,Queue : []
127.0.0.1,4242,7.427111387252808,06:17:03.041919,Queue : []
127.0.0.1,4242,7.443765163421631,06:17:03.058571,Queue : []
127.0.0.1,4242,7.460523366928101,06:17:03.075331,Queue : []
127.0.0.1,4242,7.477242708206177,06:17:03.092053,Queue : []
127.0.0.1,4242,7.493877649307251,06:17:03.108683,Queue : []
127.0.0.1,4242,7.51066517829895,06:17:03.125475,Queue : []
127.0.0.1,4242,7.527302980422974,06:17:03.142110,Queue : []
127.0.0.1,4242,7.543949604034424,06:17:03.158756,Queue : []
127.0.0.1,4242,7.560353517532349,06:17:03.175158,Queue : []
127.0.0.1,4242,7.577218770980835,06:17:03.192026,Queue : []
127.0.0.1,4242,7.593743562698364,06:17:03.208551,Queue : []
127.0.0.1,4242,7.610385894775391,06:17:03.225193,Queue : []
127.0.0.1,4242,7.627249479293823,06:17:03.242060,Queue : []
127.0.0.1,4242,7.643792390823364,06:17:03.258599,Queue : []
127.0.0.1,4242,7.660608768463135,06:17:03.275416,Queue : []
127.0.0.1,4242,7.676954984664917,06:17:03.291758,Queue : []
127.0.0.1,4242,7.693650245666504,06:17:03.308454,Queue : []
127.0.0.1,4242,7.710456371307373,06:17:03.325266,Queue : []
127.0.0.1,4242,7.727254152297974,06:17:03.342061,Queue : []
127.0.0.1,4242,7.744484901428223,06:17:03.359292,Queue : []
127.0.0.1,4242,7.760585308074951,06:17:03.375392,Queue : []
127.0.0.1,4242,7.777159214019775,06:17:03.391964,Queue : []
127.0.0.1,4242,7.793689489364624,06:17:03.408493,Queue : []
127.0.0.1,4242,7.810571908950806,06:17:03.425378,Queue : []
127.0.0.1,4242,7.827392101287842,06:17:03.442201,Queue : []
127.0.0.1,4242,7.843513488769531,06:17:03.458316,Queue : []
127.0.0.1,4242,7.860356330871582,06:17:03.475162,Queue : []
127.0.0.1,4242,7.8770201206207275,06:17:03.491825,Queue : []
127.0.0.1,4242,7.893708229064941,06:17:03.508511,Queue : []
127.0.0.1,4242,7.910237550735474,06:17:03.525041,Queue : []
127.0.0.1,4242,7.926917314529419,06:17:03.541721,Queue : []
127.0.0.1,4242,7.943746089935303,06:17:03.558551,Queue : []
127.0.0.1,4242,7.9601805210113525,06:17:03.574983,Queue : []
127.0.0.1,4242,7.976957082748413,06:17:03.591760,Queue : []
127.0.0.1,4242,7.993667364120483,06:17:03.608472,Queue : []
127.0.0.1,4242,8.010513544082642,06:17:03.625319,Queue : []
127.0.0.1,4242,8.027310371398926,06:17:03.642118,Queue : []
127.0.0.1,4242,8.043729543685913,06:17:03.658534,Queue : []
127.0.0.1,4242,8.060513257980347,06:17:03.675323,Queue : []
127.0.0.1,4242,8.077117919921875,06:17:03.691926,Queue : []
127.0.0.1,4242,8.093754291534424,06:17:03.708562,Queue : []
127.0.0.1,4242,8.11037802696228,06:17:03.725185,Queue : []
127.0.0.1,4242,8.126937627792358,06:17:03.741743,Queue : []
127.0.0.1,4242,8.143701791763306,06:17:03.758507,Queue : []
127.0.0.1,4242,8.160499334335327,06:17:03.775308,Queue : []
127.0.0.1,4242,8.176974058151245,06:17:03.791778,Queue : []
127.0.0.1,4242,8.193754434585571,06:17:03.808561,Queue : []
127.0.0.1,4242,8.210502624511719,06:17:03.825308,Queue : []
127.0.0.1,4242,8.22721004486084,06:17:03.842016,Queue : []
127.0.0.1,4242,8.243502140045166,06:17:03.858304,Queue : []
127.0.0.1,4242,8.260277509689331,06:17:03.875082,Queue : []
127.0.0.1,4242,8.277233600616455,06:17:03.892039,Queue : []
127.0.0.1,4242,8.293736934661865,06:17:03.908543,Queue : []
127.0.0.1,4242,8.310807466506958,06:17:03.925617,Queue : []
127.0.0.1,4242,8.327338933944702,06:17:03.942147,Queue : []
127.0.0.1,4242,8.343859910964966,06:17:03.958666,Queue : []
127.0.0.1,4242,8.360706329345703,06:17:03.975514,Queue : []
127.0.0.1,4242,8.377202033996582,06:17:03.992011,Queue : []
127.0.0.1,4242,8.393828392028809,06:17:04.008638,Queue : []
127.0.0.1,4242,8.410367012023926,06:17:04.025174,Queue : []
127.0.0.1,4242,8.427002668380737,06:17:04.041812,Queue : []
127.0.0.1,4242,8.443748950958252,06:17:04.058554,Queue : []
127.0.0.1,4242,8.460564851760864,06:17:04.075371,Queue : []
127.0.0.1,4242,8.477374792098999,06:17:04.092183,Queue : []
127.0.0.1,4242,8.493927001953125,06:17:04.108734,Queue : []
127.0.0.1,4242,8.510632276535034,06:17:04.125440,Queue : []
127.0.0.1,4242,8.527073621749878,06:17:04.141878,Queue : []
127.0.0.1,4242,8.544021844863892,06:17:04.158830,Queue : []
127.0.0.1,4242,8.56018877029419,06:17:04.174993,Queue : []
127.0.0.1,4242,8.577039241790771,06:17:04.191844,Queue : []
127.0.0.1,4242,8.593876838684082,06:17:04.208683,Queue : []
127.0.0.1,4242,8.610328435897827,06:17:04.225131,Queue : []
127.0.0.1,4242,8.627197504043579,06:17:04.242007,Queue : []
127.0.0.1,4242,8.643898010253906,06:17:04.258710,Queue : []
127.0.0.1,4242,8.66035270690918,06:17:04.275160,Queue : []
127.0.0.1,4242,8.67746090888977,06:17:04.292272,Queue : []
127.0.0.1,4242,8.693615198135376,06:17:04.308421,Queue : []
127.0.0.1,4242,8.710381507873535,06:17:04.325189,Queue : []
127.0.0.1,4242,8.727181196212769,06:17:04.341992,Queue : []
127.0.0.1,4242,8.743784427642822,06:17:04.358589,Queue : []
127.0.0.1,4242,8.76047158241272,06:17:04.375278,Queue : []
127.0.0.1,4242,8.777178049087524,06:17:04.391987,Queue : []
127.0.0.1,4242,8.793979167938232,06:17:04.408791,Queue : []
127.0.0.1,4242,8.810319185256958,06:17:04.425125,Queue : []
127.0.0.1,4242,8.827300786972046,06:17:04.442107,Queue : []
127.0.0.1,4242,8.84387993812561,06:17:04.458688,Queue : []
127.0.0.1,4242,8.861000299453735,06:17:04.475810,Queue : []
127.0.0.1,4242,8.877002239227295,06:17:04.491808,Queue : []
127.0.0.1,4242,8.893669605255127,06:17:04.508476,Queue : []
127.0.0.1,4242,8.910413980484009,06:17:04.525221,Queue : []
127.0.0.1,4242,8.926817655563354,06:17:04.541623,Queue : []
127.0.0.1,4242,8.943596839904785,06:17:04.558403,Queue : []
127.0.0.1,4242,8.960270881652832,06:17:04.575076,Queue : []
127.0.0.1,4242,8.976964950561523,06:17:04.591770,Queue : []
127.0.0.1,4242,8.993587017059326,06:17:04.608391,Queue : []
127.0.0.1,4242,9.010300874710083,06:17:04.625107,Queue : []
127.0.0.1,4242,9.027071714401245,06:17:04.641880,Queue : []
127.0.0.1,4242,9.043694496154785,06:17:04.658502,Queue : []
127.0.0.1,4242,9.06034541130066,06:17:04.675153,Queue : []
127.0.0.1,4242,9.07718276977539,06:17:04.691992,Queue : []
127.0.0.1,4242,9.093584060668945,06:17:04.708390,Queue : []
127.0.0.1,4242,9.110272407531738,06:17:04.725078,Queue : []
127.0.0.1,4242,9.12698483467102,06:17:04.741791,Queue : []
127.0.0.1,4242,9.143646717071533,06:17:04.758451,Queue : []
127.0.0.1,4242,9.1603262424469,06:17:04.775131,Queue : []
127.0.0.1,4242,9.177190065383911,06:17:04.791996,Queue : []
127.0.0.1,4242,9.193621158599854,06:17:04.808426,Queue : []
127.0.0.1,4242,9.210566282272339,06:17:04.825373,Queue : []
127.0.0.1,4242,9.227059125900269,06:17:04.841865,Queue : []
127.0.0.1,4242,9.243744611740112,06:17:04.858549,Queue : []
127.0.0.1,4242,9.260425806045532,06:17:04.875234,Queue : []
127.0.0.1,4242,9.277177572250366,06:17:04.891987,Queue : []
127.0.0.1,4242,9.294018030166626,06:17:04.908826,Queue : []
127.0.0.1,4242,9.310744047164917,06:17:04.925555,Queue : []
127.0.0.1,4242,9.327226877212524,06:17:04.942032,Queue : []
127.0.0.1,4242,9.343906879425049,06:17:04.958712,Queue : []
127.0.0.1,4242,9.360683679580688,06:17:04.975492,Queue : []
127.0.0.1,4242,9.377088069915771,06:17:04.991893,Queue : []
127.0.0.1,4242,9.39394760131836,06:17:05.008755,Queue : []
127.0.0.1,4242,9.41043734550476,06:17:05.025246,Queue : []
127.0.0.1,4242,9.427021980285645,06:17:05.041831,Queue : []
127.0.0.1,4242,9.443545818328857,06:17:05.058348,Queue : []
127.0.0.1,4242,9.460420608520508,06:17:05.075228,Queue : []
127.0.0.1,4242,9.477184772491455,06:17:05.091991,Queue : []
127.0.0.1,4242,9.494025945663452,06:17:05.108834,Queue : []
127.0.0.1,4242,9.51042652130127,06:17:05.125231,Queue : []
127.0.0.1,4242,9.527117013931274,06:17:05.141923,Queue : []
127.0.0.1,4242,9.543985843658447,06:17:05.158793,Queue : []
127.0.0.1,4242,9.56049108505249,06:17:05.175299,Queue : []
127.0.0.1,4242,9.577247142791748,06:17:05.192055,Queue : []
127.0.0.1,4242,9.593568086624146,06:17:05.208373,Queue : []
127.0.0.1,4242,9.610379457473755,06:17:05.225188,Queue : []
127.0.0.1,4242,9.627107620239258,06:17:05.241912,Queue : []
127.0.0.1,4242,9.643962144851685,06:17:05.258775,Queue : []
127.0.0.1,4242,9.660574197769165,06:17:05.275385,Queue : []
127.0.0.1,4242,9.677122354507446,06:17:05.291931,Queue : []
127.0.0.1,4242,9.693951606750488,06:17:05.308758,Queue : []
127.0.0.1,4242,9.71022343635559,06:17:05.325029,Queue : []
127.0.0.1,4242,9.726866483688354,06:17:05.341670,Queue : []
127.0.0.1,4242,9.743672370910645,06:17:05.358477,Queue : []
127.0.0.1,4242,9.760406255722046,06:17:05.375213,Queue : []
127.0.0.1,4242,9.777355909347534,06:17:05.392164,Queue : []
127.0.0.1,4242,9.793635129928589,06:17:05.408441,Queue : []
127.0.0.1,4242,9.810567855834961,06:17:05.425374,Queue : []
127.0.0.1,4242,9.827157735824585,06:17:05.441963,Queue : []
127.0.0.1,4242,9.844069480895996,06:17:05.458881,Queue : []
127.0.0.1,4242,9.860722064971924,06:17:05.475534,Queue : []
127.0.0.1,4242,9.876802206039429,06:17:05.491604,Queue : []
127.0.0.1,4242,9.893593788146973,06:17:05.508397,Queue : []
127.0.0.1,4242,9.910162687301636,06:17:05.524966,Queue : []
127.0.0.1,4242,9.926842212677002,06:17:05.541645,Queue : []
127.0.0.1,4242,9.943588972091675,06:17:05.558395,Queue : []
127.0.0.1,4242,9.960211277008057,06:17:05.575015,Queue : []
127.0.0.1,4242,9.977105379104614,06:17:05.591927,Queue : []
127.0.0.1,4242,9.99355959892273,06:17:05.608363,Queue : []
127.0.0.1,4242,10.010370969772339,06:17:05.625176,Queue : []
127.0.0.1,4242,10.027054071426392,06:17:05.641859,Queue : []
127.0.0.1,4242,10.043556928634644,06:17:05.658362,Queue : []
127.0.0.1,4242,10.060299634933472,06:17:05.675105,Queue : []
127.0.0.1,4242,10.076966762542725,06:17:05.691772,Queue : []
127.0.0.1,4242,10.0940260887146,06:17:05.708837,Queue : []
127.0.0.1,4242,10.110198259353638,06:17:05.725004,Queue : []
127.0.0.1,4242,10.126904487609863,06:17:05.741710,Queue : []
127.0.0.1,4242,10.143718719482422,06:17:05.758526,Queue : []
127.0.0.1,4242,10.160088539123535,06:17:05.774890,Queue : []
127.0.0.1,4242,10.176934242248535,06:17:05.791737,Queue : []
127.0.0.1,4242,10.193730354309082,06:17:05.808535,Queue : []
127.0.0.1,4242,10.210294246673584,06:17:05.825100,Queue : []
127.0.0.1,4242,10.227153062820435,06:17:05.841961,Queue : []
127.0.0.1,4242,10.24379563331604,06:17:05.858601,Queue : []
127.0.0.1,4242,10.26063060760498,06:17:05.875437,Queue : []
127.0.0.1,4242,10.276821851730347,06:17:05.891624,Queue : []
127.0.0.1,4242,10.293674230575562,06:17:05.908481,Queue : []
127.0.0.1,4242,10.310487985610962,06:17:05.925294,Queue : []
127.0.0.1,4242,10.327280282974243,06:17:05.942093,Queue : []
127.0.0.1,4242,10.34406590461731,06:17:05.958874,Queue : []
127.0.0.1,4242,10.360382556915283,06:17:05.975188,Queue : []
127.0.0.1,4242,10.377319097518921,06:17:05.992127,Queue : []
127.0.0.1,4242,10.393811702728271,06:17:06.008618,Queue : []
127.0.0.1,4242,10.410840272903442,06:17:06.025650,Queue : []
127.0.0.1,4242,10.427057027816772,06:17:06.041866,Queue : []
127.0.0.1,4242,10.443642139434814,06:17:06.058451,Queue : []
127.0.0.1,4242,10.460418939590454,06:17:06.075229,Queue : []
127.0.0.1,4242,10.477150440216064,06:17:06.091957,Queue : []
127.0.0.1,4242,10.494109392166138,06:17:06.108923,Queue : []
127.0.0.1,4242,10.510531663894653,06:17:06.125343,Queue : []
127.0.0.1,4242,10.527136087417603,06:17:06.141945,Queue : []
127.0.0.1,4242,10.544190645217896,06:17:06.159003,Queue : []
127.0.0.1,4242,10.560711860656738,06:17:06.175524,Queue : []
127.0.0.1,4242,10.577132940292358,06:17:06.191940,Queue : []
127.0.0.1,4242,10.594070434570312,06:17:06.208879,Queue : []
127.0.0.1,4242,10.610587120056152,06:17:06.225395,Queue : []
127.0.0.1,4242,10.627703666687012,06:17:06.242513,Queue : []
127.0.0.1,4242,10.64365267753601,06:17:06.258459,Queue : []
127.0.0.1,4242,10.660350322723389,06:17:06.275155,Queue : []
127.0.0.1,4242,10.677211999893188,06:17:06.292020,Queue : []
127.0.0.1,4242,10.694104671478271,06:17:06.308913,Queue : []
127.0.0.1,4242,10.710685014724731,06:17:06.325494,Queue : []
127.0.0.1,4242,10.726907014846802,06:17:06.341713,Queue : []
127.0.0.1,4242,10.743663311004639,06:17:06.358470,Queue : []
127.0.0.1,4242,10.760582208633423,06:17:06.375392,Queue : []
127.0.0.1,4242,10.777264595031738,06:17:06.392077,Queue : []
127.0.0.1,4242,10.794063091278076,06:17:06.408878,Queue : []
127.0.0.1,4242,10.810581684112549,06:17:06.425393,Queue : []
127.0.0.1,4242,10.827046871185303,06:17:06.441854,Queue : []
127.0.0.1,4242,10.843914031982422,06:17:06.458725,Queue : []
127.0.0.1,4242,10.86072564125061,06:17:06.475533,Queue : []
127.0.0.1,4242,10.877428531646729,06:17:06.492237,Queue : []
127.0.0.1,4242,10.89423418045044,06:17:06.509056,Queue : []
127.0.0.1,4242,10.910266876220703,06:17:06.525073,Queue : []
127.0.0.1,4242,10.926946640014648,06:17:06.541750,Queue : []
127.0.0.1,4242,10.9436514377594,06:17:06.558458,Queue : []
127.0.0.1,4242,10.96050238609314,06:17:06.575312,Queue : []
127.0.0.1,4242,10.977028608322144,06:17:06.591835,Queue : []
127.0.0.1,4242,10.993622303009033,06:17:06.608430,Queue : []
127.0.0.1,4242,11.01042366027832,06:17:06.625231,Queue : []
127.0.0.1,4242,11.027182817459106,06:17:06.641992,Queue : []
127.0.0.1,4242,11.04371166229248,06:17:06.658518,Queue : []
127.0.0.1,4242,11.060461044311523,06:17:06.675269,Queue : []
127.0.0.1,4242,11.076895475387573,06:17:06.691703,Queue : []
127.0.0.1,4242,11.093911409378052,06:17:06.708721,Queue : []
127.0.0.1,4242,11.1102614402771,06:17:06.725067,Queue : []
127.0.0.1,4242,11.126951932907104,06:17:06.741766,Queue : []
127.0.0.1,4242,11.143842220306396,06:17:06.758652,Queue : []
127.0.0.1,4242,11.160360097885132,06:17:06.775167,Queue : []
127.0.0.1,4242,11.176895141601562,06:17:06.791699,Queue : []
127.0.0.1,4242,11.193730115890503,06:17:06.808538,Queue : []
127.0.0.1,4242,11.210446119308472,06:17:06.825256,Queue : []
127.0.0.1,4242,11.226887941360474,06:17:06.841693,Queue : []
127.0.0.1,4242,11.243711709976196,06:17:06.858518,Queue : []
127.0.0.1,4242,11.260382175445557,06:17:06.875187,Queue : []
127.0.0.1,4242,11.277161836624146,06:17:06.891968,Queue : []
127.0.0.1,4242,11.293542385101318,06:17:06.908345,Queue : []
127.0.0.1,4242,11.310311317443848,06:17:06.925116,Queue : []
127.0.0.1,4242,11.327184438705444,06:17:06.941992,Queue : []
127.0.0.1,4242,11.343604564666748,06:17:06.958410,Queue : []
127.0.0.1,4242,11.360483884811401,06:17:06.975293,Queue : []
127.0.0.1,4242,11.377103328704834,06:17:06.991911,Queue : []
127.0.0.1,4242,11.393787622451782,06:17:07.008597,Queue : []
127.0.0.1,4242,11.411036491394043,06:17:07.025847,Appel Etage1
127.0.0.1,4242,11.41111421585083,06:17:07.025916,Queue : []
127.0.0.1,4242,11.427217245101929,06:17:07.042024,2.720677
127.0.0.1,4242,11.443599939346313,06:17:07.058404,2.837344
127.0.0.1,4242,11.46023678779602,06:17:07.075040,2.95401
127.0.0.1,4242,11.477053165435791,06:17:07.091859,3.070677
127.0.0.1,4242,11.493901252746582,06:17:07.108712,3.187344
127.0.0.1,4242,11.510379314422607,06:17:07.125184,3.304011
127.0.0.1,4242,11.527207374572754,06:17:07.142015,3.420678
127.0.0.1,4242,11.543676853179932,06:17:07.158485,3.537344
127.0.0.1,4242,11.560483932495117,06:17:07.175294,3.654011
127.0.0.1,4242,11.577329397201538,06:17:07.192141,3.770678
127.0.0.1,4242,11.5936598777771,06:17:07.208467,3.887345
127.0.0.1,4242,11.61058497428894,06:17:07.225396,4.004012
127.0.0.1,4242,11.627091884613037,06:17:07.241898,4.120678
127.0.0.1,4242,11.64392614364624,06:17:07.258737,4.237345
127.0.0.1,4242,11.660318374633789,06:17:07.275126,4.354012
127.0.0.1,4242,11.677259683609009,06:17:07.292068,4.470679
127.0.0.1,4242,11.693753719329834,06:17:07.308561,4.587346
127.0.0.1,4242,11.710683584213257,06:17:07.325496,4.704012
127.0.0.1,4242,11.727256536483765,06:17:07.342066,4.820679
127.0.0.1,4242,11.743813514709473,06:17:07.358623,4.937346
127.0.0.1,4242,11.760364770889282,06:17:07.375173,5.054013
127.0.0.1,4242,11.777182817459106,06:17:07.391993,5.17068
127.0.0.1,4242,11.794063806533813,06:17:07.408877,5.287346
127.0.0.1,4242,11.810497760772705,06:17:07.425307,5.404013
127.0.0.1,4242,11.827196836471558,06:17:07.442007,5.52068
127.0.0.1,4242,11.843930006027222,06:17:07.458741,5.637347
127.0.0.1,4242,11.860429048538208,06:17:07.475237,5.754014
127.0.0.1,4242,11.877282619476318,06:17:07.492094,5.87068
127.0.0.1,4242,11.893992900848389,06:17:07.508804,5.987347
127.0.0.1,4242,11.910194158554077,06:17:07.524997,6.104014
127.0.0.1,4242,11.927008867263794,06:17:07.541816,6.220681
127.0.0.1,4242,11.943776369094849,06:17:07.558582,6.337348
127.0.0.1,4242,11.960615396499634,06:17:07.575422,6.454014
127.0.0.1,4242,11.976829051971436,06:17:07.591631,6.570681
127.0.0.1,4242,11.993637323379517,06:17:07.608441,6.687348
127.0.0.1,4242,12.010149240493774,06:17:07.624951,6.804015
127.0.0.1,4242,12.027039527893066,06:17:07.641845,6.920681
127.0.0.1,4242,12.043473243713379,06:17:07.658275,7.037348
127.0.0.1,4242,12.060357093811035,06:17:07.675162,7.154015
127.0.0.1,4242,12.076984405517578,06:17:07.691788,7.270682
127.0.0.1,4242,12.09348440170288,06:17:07.708289,7.387349
127.0.0.1,4242,12.110314130783081,06:17:07.725119,7.504015
127.0.0.1,4242,12.127060651779175,06:17:07.741864,7.620682
127.0.0.1,4242,12.143885612487793,06:17:07.758691,7.737349
127.0.0.1,4242,12.160186052322388,06:17:07.774987,7.854016
127.0.0.1,4242,12.17706823348999,06:17:07.791875,7.970683
127.0.0.1,4242,12.193493366241455,06:17:07.808295,8.087349
127.0.0.1,4242,12.210329532623291,06:17:07.825136,8.204016
127.0.0.1,4242,12.226935863494873,06:17:07.841742,8.320683
127.0.0.1,4242,12.24365234375,06:17:07.858459,8.437349
127.0.0.1,4242,12.260347604751587,06:17:07.875153,8.554016
127.0.0.1,4242,12.276793003082275,06:17:07.891596,8.554016
127.0.0.1,4242,12.293543577194214,06:17:07.908348,8.554016
127.0.0.1,4242,12.310440063476562,06:17:07.925247,8.554016
127.0.0.1,4242,12.327152252197266,06:17:07.941958,8.554016
127.0.0.1,4242,12.343909740447998,06:17:07.958715,8.554016
127.0.0.1,4242,12.360631942749023,06:17:07.975445,8.554016
127.0.0.1,4242,12.376831769943237,06:17:07.991633,8.554016
127.0.0.1,4242,12.393695831298828,06:17:08.008500,8.554016
127.0.0.1,4242,12.410640239715576,06:17:08.025450,8.554016
127.0.0.1,4242,12.427372932434082,06:17:08.042184,8.554016
127.0.0.1,4242,12.44357967376709,06:17:08.058383,8.554016
127.0.0.1,4242,12.460443258285522,06:17:08.075250,8.554016
127.0.0.1,4242,12.47718071937561,06:17:08.091988,8.554016
127.0.0.1,4242,12.494011878967285,06:17:08.108822,8.554016
127.0.0.1,4242,12.510507345199585,06:17:08.125313,8.554016
127.0.0.1,4242,12.527313947677612,06:17:08.142121,8.554016
127.0.0.1,4242,12.544049501419067,06:17:08.158857,8.554016
127.0.0.1,4242,12.560476303100586,06:17:08.175281,8.554016
127.0.0.1,4242,12.577271223068237,06:17:08.192078,8.554016
127.0.0.1,4242,12.593703031539917,06:17:08.208508,8.554016
127.0.0.1,4242,12.610625743865967,06:17:08.225433,8.554016
127.0.0.1,4242,12.627120733261108,06:17:08.241925,8.554016
127.0.0.1,4242,12.644021034240723,06:17:08.258830,8.554016
127.0.0.1,4242,12.660496950149536,06:17:08.275304,8.554016
127.0.0.1,4242,12.67734670639038,06:17:08.292155,8.554016
127.0.0.1,4242,12.693618059158325,06:17:08.308422,8.554016
127.0.0.1,4242,12.710590124130249,06:17:08.325397,8.554016
127.0.0.1,4242,12.727185249328613,06:17:08.341995,8.554016
127.0.0.1,4242,12.743708610534668,06:17:08.358512,8.554016
127.0.0.1,4242,12.760226011276245,06:17:08.375032,8.554016
127.0.0.1,4242,12.777021884918213,06:17:08.391829,8.554016
127.0.0.1,4242,12.793871641159058,06:17:08.408679,8.554016
127.0.0.1,4242,12.810678958892822,06:17:08.425488,8.554016
127.0.0.1,4242,12.82705044746399,06:17:08.441855,8.554016
127.0.0.1,4242,12.844046115875244,06:17:08.458861,8.554016
127.0.0.1,4242,12.860420227050781,06:17:08.475226,8.554016
127.0.0.1,4242,12.877345561981201,06:17:08.492154,8.554016
127.0.0.1,4242,12.89411211013794,06:17:08.508924,8.554016
127.0.0.1,4242,12.910916328430176,06:17:08.525728,8.554016
127.0.0.1,4242,12.927202939987183,06:17:08.542014,8.554016
127.0.0.1,4242,12.943824768066406,06:17:08.558633,8.554016
127.0.0.1,4242,12.960251331329346,06:17:08.575055,8.554016
127.0.0.1,4242,12.977022647857666,06:17:08.591827,8.554016
127.0.0.1,4242,12.993865728378296,06:17:08.608675,8.554016
127.0.0.1,4242,13.010199546813965,06:17:08.625002,8.554016
127.0.0.1,4242,13.026965618133545,06:17:08.641770,8.554016
127.0.0.1,4242,13.043895483016968,06:17:08.658702,8.554016
127.0.0.1,4242,13.060433149337769,06:17:08.675241,8.554016
127.0.0.1,4242,13.077065706253052,06:17:08.691873,8.554016
127.0.0.1,4242,13.094098806381226,06:17:08.708911,8.554016
127.0.0.1,4242,13.11037302017212,06:17:08.725180,8.554016
127.0.0.1,4242,13.12719440460205,06:17:08.742000,8.554016
127.0.0.1,4242,13.143779039382935,06:17:08.758586,8.554016
127.0.0.1,4242,13.160339117050171,06:17:08.775145,8.554016
127.0.0.1,4242,13.17714262008667,06:17:08.791950,8.554016
127.0.0.1,4242,13.193888187408447,06:17:08.808698,8.554016
127.0.0.1,4242,13.210232257843018,06:17:08.825036,8.554016
127.0.0.1,4242,13.22718071937561,06:17:08.841989,8.554016
127.0.0.1,4242,13.243644714355469,06:17:08.858449,8.554016
127.0.0.1,4242,13.260489463806152,06:17:08.875296,8.554016
127.0.0.1,4242,13.277159929275513,06:17:08.891969,8.554016
127.0.0.1,4242,13.294119596481323,06:17:08.908930,8.554016
127.0.0.1,4242,13.310740947723389,06:17:08.925553,8.554016
127.0.0.1,4242,13.326852798461914,06:17:08.941656,8.554016
127.0.0.1,4242,13.34370470046997,06:17:08.958512,8.554016
127.0.0.1,4242,13.360605239868164,06:17:08.975415,8.554016
127.0.0.1,4242,13.377345323562622,06:17:08.992152,8.554016
127.0.0.1,4242,13.393948793411255,06:17:09.008756,8.554016
127.0.0.1,4242,13.410282850265503,06:17:09.025086,8.554016
127.0.0.1,4242,13.42713713645935,06:17:09.041956,8.554016
127.0.0.1,4242,13.443557500839233,06:17:09.058363,8.554016
127.0.0.1,4242,13.460383653640747,06:17:09.075188,8.554016
127.0.0.1,4242,13.477288961410522,06:17:09.092095,8.554016
127.0.0.1,4242,13.493871450424194,06:17:09.108682,8.554016
127.0.0.1,4242,13.510604619979858,06:17:09.125414,8.554016
127.0.0.1,4242,13.527381896972656,06:17:09.142194,8.554016
127.0.0.1,4242,13.543727159500122,06:17:09.158534,8.554016
127.0.0.1,4242,13.560600519180298,06:17:09.175408,8.554016
127.0.0.1,4242,13.57748293876648,06:17:09.192292,8.554016
127.0.0.1,4242,13.59402871131897,06:17:09.208837,8.554016
127.0.0.1,4242,13.610326766967773,06:17:09.225130,8.554016
127.0.0.1,4242,13.627251863479614,06:17:09.242058,8.554016
127.0.0.1,4242,13.64392638206482,06:17:09.258734,8.554016
127.0.0.1,4242,13.660704851150513,06:17:09.275513,8.554016
127.0.0.1,4242,13.677289724349976,06:17:09.292096,8.554016
127.0.0.1,4242,13.693859577178955,06:17:09.308666,8.554016
127.0.0.1,4242,13.710639238357544,06:17:09.325447,8.554016
127.0.0.1,4242,13.727309942245483,06:17:09.342118,8.554016
127.0.0.1,4242,13.743796348571777,06:17:09.358602,8.554016
127.0.0.1,4242,13.761032342910767,06:17:09.375846,8.554016
127.0.0.1,4242,13.777039289474487,06:17:09.391846,8.554016
127.0.0.1,4242,13.793884754180908,06:17:09.408693,8.554016
127.0.0.1,4242,13.810579299926758,06:17:09.425386,8.554016
127.0.0.1,4242,13.82736611366272,06:17:09.442174,8.554016
127.0.0.1,4242,13.843735694885254,06:17:09.458540,8.554016
127.0.0.1,4242,13.860615491867065,06:17:09.475425,8.554016
127.0.0.1,4242,13.877481698989868,06:17:09.492294,8.554016
127.0.0.1,4242,13.893747568130493,06:17:09.508552,8.554016
127.0.0.1,4242,13.910573959350586,06:17:09.525379,8.554016
127.0.0.1,4242,13.92748761177063,06:17:09.542294,8.554016
127.0.0.1,4242,13.943679809570312,06:17:09.558485,8.554016
127.0.0.1,4242,13.9602952003479,06:17:09.575099,8.554016
127.0.0.1,4242,13.976958513259888,06:17:09.591764,8.554016
127.0.0.1,4242,13.99381422996521,06:17:09.608623,8.554016
127.0.0.1,4242,14.010251998901367,06:17:09.625057,8.554016
127.0.0.1,4242,14.027095794677734,06:17:09.641900,8.554016
127.0.0.1,4242,14.044001817703247,06:17:09.658810,8.554016
127.0.0.1,4242,14.060193538665771,06:17:09.674998,8.554016
127.0.0.1,4242,14.076908826828003,06:17:09.691714,8.554016
127.0.0.1,4242,14.094357967376709,06:17:09.709169,8.554016
127.0.0.1,4242,14.11018705368042,06:17:09.724992,8.554016
127.0.0.1,4242,14.126767873764038,06:17:09.741569,8.554016
127.0.0.1,4242,14.143601655960083,06:17:09.758406,8.554016
127.0.0.1,4242,14.160461187362671,06:17:09.775268,8.554016
127.0.0.1,4242,14.177016496658325,06:17:09.791821,8.554016
127.0.0.1,4242,14.193838119506836,06:17:09.808643,8.554016
127.0.0.1,4242,14.210226058959961,06:17:09.825029,8.554016
127.0.0.1,4242,14.22720193862915,06:17:09.842007,8.554016
127.0.0.1,4242,14.243786811828613,06:17:09.858591,8.554016
127.0.0.1,4242,14.260329246520996,06:17:09.875134,8.554016
127.0.0.1,4242,14.277070760726929,06:17:09.891879,8.554016
127.0.0.1,4242,14.294044971466064,06:17:09.908855,Appel Etage0
127.0.0.1,4242,14.294122695922852,06:17:09.908927,Queue : []
127.0.0.1,4242,14.310571670532227,06:17:09.925377,8.554016
127.0.0.1,4242,14.327334642410278,06:17:09.942143,8.554016
127.0.0.1,4242,14.343534231185913,06:17:09.958337,8.554016
127.0.0.1,4242,14.3604416847229,06:17:09.975247,8.554016
127.0.0.1,4242,14.377376556396484,06:17:09.992184,8.554016
127.0.0.1,4242,14.393797874450684,06:17:10.008603,8.554016
127.0.0.1,4242,14.410661697387695,06:17:10.025472,8.554016
127.0.0.1,4242,14.427400588989258,06:17:10.042211,8.554016
127.0.0.1,4242,14.443564653396606,06:17:10.058369,8.554016
127.0.0.1,4242,14.460464239120483,06:17:10.075270,8.554016
127.0.0.1,4242,14.477138996124268,06:17:10.091949,8.554016
127.0.0.1,4242,14.4942147731781,06:17:10.109023,8.554016
127.0.0.1,4242,14.510318756103516,06:17:10.125124,8.554016
127.0.0.1,4242,14.527208805084229,06:17:10.142015,8.554016
127.0.0.1,4242,14.543975591659546,06:17:10.158783,8.554016
127.0.0.1,4242,14.560699224472046,06:17:10.175507,8.554016
127.0.0.1,4242,14.57707142829895,06:17:10.191875,8.554016
127.0.0.1,4242,14.594091415405273,06:17:10.208899,8.554016
127.0.0.1,4242,14.610365390777588,06:17:10.225169,8.554016
127.0.0.1,4242,14.62736463546753,06:17:10.242171,8.554016
127.0.0.1,4242,14.64368748664856,06:17:10.258490,8.554016
127.0.0.1,4242,14.66059136390686,06:17:10.275399,8.554016
127.0.0.1,4242,14.677221059799194,06:17:10.292042,8.554016
127.0.0.1,4242,14.694037675857544,06:17:10.308848,8.554016
127.0.0.1,4242,14.710574388504028,06:17:10.325439,8.554016
127.0.0.1,4242,14.727513074874878,06:17:10.342322,8.554016
127.0.0.1,4242,14.743732213973999,06:17:10.358536,8.554016
127.0.0.1,4242,14.76061725616455,06:17:10.375424,8.554016
127.0.0.1,4242,14.777502298355103,06:17:10.392310,8.554016
127.0.0.1,4242,14.793999910354614,06:17:10.408811,8.554016
127.0.0.1,4242,14.810287714004517,06:17:10.425093,8.554016
127.0.0.1,4242,14.82713007926941,06:17:10.441936,8.554016
127.0.0.1,4242,14.844091892242432,06:17:10.458900,8.554016
127.0.0.1,4242,14.860611200332642,06:17:10.475419,8.554016
127.0.0.1,4242,14.877481460571289,06:17:10.492291,8.554016
127.0.0.1,4242,14.894222497940063,06:17:10.509033,8.554016
127.0.0.1,4242,14.910390377044678,06:17:10.525196,8.554016
127.0.0.1,4242,14.927370071411133,06:17:10.542182,8.554016
127.0.0.1,4242,14.94400668144226,06:17:10.558816,8.554016
127.0.0.1,4242,14.960153818130493,06:17:10.574957,8.554016
127.0.0.1,4242,14.976943969726562,06:17:10.591749,8.554016
127.0.0.1,4242,14.99356985092163,06:17:10.608375,8.554016
127.0.0.1,4242,15.01024603843689,06:17:10.625052,8.554016
127.0.0.1,4242,15.02695369720459,06:17:10.641759,8.554016
127.0.0.1,4242,15.043618440628052,06:17:10.658424,8.554016
127.0.0.1,4242,15.06027626991272,06:17:10.675081,8.554016
127.0.0.1,4242,15.076878547668457,06:17:10.691682,8.554016
127.0.0.1,4242,15.093994379043579,06:17:10.708805,8.554016
127.0.0.1,4242,15.110314130783081,06:17:10.725120,8.554016
127.0.0.1,4242,15.127020120620728,06:17:10.741826,8.554016
127.0.0.1,4242,15.143749475479126,06:17:10.758557,8.554016
127.0.0.1,4242,15.160115957260132,06:17:10.774919,8.554016
127.0.0.1,4242,15.176974534988403,06:17:10.791781,8.554016
127.0.0.1,4242,15.19357705116272,06:17:10.808382,8.554016
127.0.0.1,4242,15.210391998291016,06:17:10.825200,8.554016
127.0.0.1,4242,15.226810932159424,06:17:10.841612,8.554016
127.0.0.1,4242,15.243645906448364,06:17:10.858452,8.554016
127.0.0.1,4242,15.260378360748291,06:17:10.875186,8.554016
127.0.0.1,4242,15.27698564529419,06:17:10.891793,8.554016
127.0.0.1,4242,15.293784141540527,06:17:10.908594,8.554016
127.0.0.1,4242,15.310595273971558,06:17:10.925403,8.554016
127.0.0.1,4242,15.327699899673462,06:17:10.942509,8.554016
127.0.0.1,4242,15.3440580368042,06:17:10.958865,8.554016
127.0.0.1,4242,15.360383033752441,06:17:10.975187,8.554016
127.0.0.1,4242,15.377403736114502,06:17:10.992214,8.554016
127.0.0.1,4242,15.394031286239624,06:17:11.008840,8.554016
127.0.0.1,4242,15.410718441009521,06:17:11.025527,8.554016
127.0.0.1,4242,15.42801570892334,06:17:11.042827,8.554016
127.0.0.1,4242,15.44352674484253,06:17:11.058331,8.554016
127.0.0.1,4242,15.460410356521606,06:17:11.075217,8.554016
127.0.0.1,4242,15.47713851928711,06:17:11.091944,8.554016
127.0.0.1,4242,15.494224548339844,06:17:11.109037,8.554016
127.0.0.1,4242,15.510516166687012,06:17:11.125322,8.554016
127.0.0.1,4242,15.527235746383667,06:17:11.142044,8.554016
127.0.0.1,4242,15.543919324874878,06:17:11.158727,8.554016
127.0.0.1,4242,15.561080694198608,06:17:11.175897,8.554016
127.0.0.1,4242,15.577056646347046,06:17:11.191862,8.554016
127.0.0.1,4242,15.593932867050171,06:17:11.208740,8.554016
127.0.0.1,4242,15.6105477809906,06:17:11.225356,8.554016
127.0.0.1,4242,15.627338171005249,06:17:11.242144,8.554016
127.0.0.1,4242,15.643971681594849,06:17:11.258780,8.554016
127.0.0.1,4242,15.66026520729065,06:17:11.275071,8.554016
127.0.0.1,4242,15.67713975906372,06:17:11.291946,8.554016
127.0.0.1,4242,15.693891763687134,06:17:11.308698,8.554016
127.0.0.1,4242,15.710738182067871,06:17:11.325546,8.554016
127.0.0.1,4242,15.727131605148315,06:17:11.341937,8.554016
127.0.0.1,4242,15.743896245956421,06:17:11.358703,8.554016
127.0.0.1,4242,15.760597705841064,06:17:11.375406,8.554016
127.0.0.1,4242,15.777333974838257,06:17:11.392139,8.554016
127.0.0.1,4242,15.79403805732727,06:17:11.408846,8.554016
127.0.0.1,4242,15.810262203216553,06:17:11.425065,8.554016
127.0.0.1,4242,15.827040672302246,06:17:11.441848,8.554016
127.0.0.1,4242,15.843920707702637,06:17:11.458728,8.554016
127.0.0.1,4242,15.860694646835327,06:17:11.475503,8.554016
127.0.0.1,4242,15.877101421356201,06:17:11.491906,8.554016
127.0.0.1,4242,15.894011974334717,06:17:11.508824,8.554016
127.0.0.1,4242,15.910691976547241,06:17:11.525504,8.554016
127.0.0.1,4242,15.92705774307251,06:17:11.541865,8.554016
127.0.0.1,4242,15.94419264793396,06:17:11.559005,8.554016
127.0.0.1,4242,15.96015977859497,06:17:11.574963,8.554016
127.0.0.1,4242,15.97693419456482,06:17:11.591738,8.554016
127.0.0.1,4242,15.99379563331604,06:17:11.608604,8.554016
127.0.0.1,4242,16.010289669036865,06:17:11.625095,8.554016
127.0.0.1,4242,16.026763200759888,06:17:11.641566,8.554016
127.0.0.1,4242,16.043644905090332,06:17:11.658450,8.554016
127.0.0.1,4242,16.060335874557495,06:17:11.675142,8.554016
127.0.0.1,4242,16.077189683914185,06:17:11.691998,8.554016
127.0.0.1,4242,16.093671321868896,06:17:11.708480,8.554016
127.0.0.1,4242,16.1103835105896,06:17:11.725193,8.554016
127.0.0.1,4242,16.127074003219604,06:17:11.741880,8.554016
127.0.0.1,4242,16.143681049346924,06:17:11.758487,8.554016
127.0.0.1,4242,16.1605327129364,06:17:11.775340,8.554016
127.0.0.1,4242,16.17718482017517,06:17:11.791993,8.554016
127.0.0.1,4242,16.193502187728882,06:17:11.808305,8.554016
127.0.0.1,4242,16.210479259490967,06:17:11.825285,8.554016
127.0.0.1,4242,16.2269504070282,06:17:11.841755,8.554016
127.0.0.1,4242,16.243755102157593,06:17:11.858562,8.554016
127.0.0.1,4242,16.260227918624878,06:17:11.875034,8.554016
127.0.0.1,4242,16.27696657180786,06:17:11.891771,8.554016
127.0.0.1,4242,16.29395818710327,06:17:11.908765,8.554016
127.0.0.1,4242,16.310644149780273,06:17:11.925453,8.554016
127.0.0.1,4242,16.327090978622437,06:17:11.941902,8.437349
127.0.0.1,4242,16.343700885772705,06:17:11.958507,8.320683
127.0.0.1,4242,16.360474109649658,06:17:11.975283,8.204016
127.0.0.1,4242,16.376947164535522,06:17:11.991751,8.087349
127.0.0.1,4242,16.39369249343872,06:17:12.008498,7.970682
127.0.0.1,4242,16.410659551620483,06:17:12.025470,7.854015
127.0.0.1,4242,16.427879571914673,06:17:12.042691,7.737349
127.0.0.1,4242,16.44344472885132,06:17:12.058250,7.620682
127.0.0.1,4242,16.46021342277527,06:17:12.075016,7.504015
127.0.0.1,4242,16.47710418701172,06:17:12.091909,7.387348
127.0.0.1,4242,16.493752241134644,06:17:12.108558,7.270681
127.0.0.1,4242,16.510581731796265,06:17:12.125395,7.154015
127.0.0.1,4242,16.527252435684204,06:17:12.142066,7.037348
127.0.0.1,4242,16.543732404708862,06:17:12.158543,6.920681
127.0.0.1,4242,16.560736179351807,06:17:12.175551,6.804014
127.0.0.1,4242,16.576987743377686,06:17:12.191794,6.687347
127.0.0.1,4242,16.593619108200073,06:17:12.208426,6.570681
127.0.0.1,4242,16.610143184661865,06:17:12.224947,6.454014
127.0.0.1,4242,16.626778841018677,06:17:12.241584,6.337347
127.0.0.1,4242,16.643505096435547,06:17:12.258309,6.22068
127.0.0.1,4242,16.660183906555176,06:17:12.274988,6.104013
127.0.0.1,4242,16.676913499832153,06:17:12.291717,5.987347
127.0.0.1,4242,16.693804264068604,06:17:12.308611,5.87068
127.0.0.1,4242,16.71054768562317,06:17:12.325358,5.754013
127.0.0.1,4242,16.727277517318726,06:17:12.342087,5.637346
127.0.0.1,4242,16.743504524230957,06:17:12.358310,5.520679
127.0.0.1,4242,16.760253190994263,06:17:12.375057,5.404013
127.0.0.1,4242,16.77683734893799,06:17:12.391640,5.287346
127.0.0.1,4242,16.793437242507935,06:17:12.408241,5.170679
127.0.0.1,4242,16.810176849365234,06:17:12.424980,5.054012
127.0.0.1,4242,16.8269100189209,06:17:12.441715,4.937346
127.0.0.1,4242,16.843642711639404,06:17:12.458448,4.820679
127.0.0.1,4242,16.860564947128296,06:17:12.475375,4.704012
127.0.0.1,4242,16.87710213661194,06:17:12.491909,4.587345
127.0.0.1,4242,16.893933296203613,06:17:12.508742,4.470678
127.0.0.1,4242,16.910512447357178,06:17:12.525320,4.354012
127.0.0.1,4242,16.92703342437744,06:17:12.541839,4.237345
127.0.0.1,4242,16.944236755371094,06:17:12.559051,4.120678
127.0.0.1,4242,16.96048378944397,06:17:12.575290,4.004011
127.0.0.1,4242,16.976917505264282,06:17:12.591722,3.887344
127.0.0.1,4242,16.993675231933594,06:17:12.608482,3.770678
127.0.0.1,4242,17.010188579559326,06:17:12.624994,3.654011
127.0.0.1,4242,17.026949167251587,06:17:12.641755,3.537344
127.0.0.1,4242,17.04341435432434,06:17:12.658218,3.420677
127.0.0.1,4242,17.06022548675537,06:17:12.675031,3.30401
127.0.0.1,4242,17.077109575271606,06:17:12.691918,3.187344
127.0.0.1,4242,17.093730211257935,06:17:12.708540,3.070677
127.0.0.1,4242,17.110372304916382,06:17:12.725183,2.95401
127.0.0.1,4242,17.127028942108154,06:17:12.741837,2.837343
127.0.0.1,4242,17.143707513809204,06:17:12.758514,2.720676
127.0.0.1,4242,17.16020178794861,06:17:12.775006,2.60401
127.0.0.1,4242,17.177019834518433,06:17:12.791826,2.60401
127.0.0.1,4242,17.193607568740845,06:17:12.808412,2.60401
127.0.0.1,4242,17.21030282974243,06:17:12.825108,2.60401
127.0.0.1,4242,17.22718381881714,06:17:12.841994,2.60401
127.0.0.1,4242,17.243549346923828,06:17:12.858353,2.60401
127.0.0.1,4242,17.260335445404053,06:17:12.875143,2.60401
127.0.0.1,4242,17.276978015899658,06:17:12.891785,2.60401
127.0.0.1,4242,17.293720483779907,06:17:12.908528,2.60401
127.0.0.1,4242,17.310563325881958,06:17:12.925369,2.60401
127.0.0.1,4242,17.327147483825684,06:17:12.941954,2.60401
127.0.0.1,4242,17.343910217285156,06:17:12.958722,2.60401
127.0.0.1,4242,17.360684156417847,06:17:12.975493,2.60401
127.0.0.1,4242,17.376938104629517,06:17:12.991743,2.60401
127.0.0.1,4242,17.39367985725403,06:17:13.008487,2.60401
127.0.0.1,4242,17.41066884994507,06:17:13.025479,2.60401
127.0.0.1,4242,17.42767834663391,06:17:13.042492,2.60401
127.0.0.1,4242,17.443503618240356,06:17:13.058310,2.60401
127.0.0.1,4242,17.460264444351196,06:17:13.075070,2.60401
127.0.0.1,4242,17.477073192596436,06:17:13.091879,2.60401
127.0.0.1,4242,17.494032382965088,06:17:13.108840,2.60401
127.0.0.1,4242,17.510782718658447,06:17:13.125591,2.60401
127.0.0.1,4242,17.52703595161438,06:17:13.141841,2.60401
127.0.0.1,4242,17.543989181518555,06:17:13.158796,2.60401
127.0.0.1,4242,17.560410022735596,06:17:13.175218,2.60401
127.0.0.1,4242,17.577141046524048,06:17:13.191948,2.60401
127.0.0.1,4242,17.594043254852295,06:17:13.208852,2.60401
127.0.0.1,4242,17.61028528213501,06:17:13.225089,2.60401
127.0.0.1,4242,17.62721872329712,06:17:13.242029,2.60401
127.0.0.1,4242,17.64363384246826,06:17:13.258440,2.60401
127.0.0.1,4242,17.660463333129883,06:17:13.275269,2.60401
127.0.0.1,4242,17.677212238311768,06:17:13.292019,2.60401
127.0.0.1,4242,17.693832635879517,06:17:13.308639,2.60401
127.0.0.1,4242,17.71051573753357,06:17:13.325321,2.60401
127.0.0.1,4242,17.727069854736328,06:17:13.341877,2.60401
127.0.0.1,4242,17.743992567062378,06:17:13.358804,2.60401
127.0.0.1,4242,17.760618925094604,06:17:13.375430,2.60401
127.0.0.1,4242,17.7771475315094,06:17:13.391956,2.60401
127.0.0.1,4242,17.794170141220093,06:17:13.408983,2.60401
127.0.0.1,4242,17.810454845428467,06:17:13.425262,2.60401
127.0.0.1,4242,17.82679772377014,06:17:13.441602,2.60401
127.0.0.1,4242,17.843652963638306,06:17:13.458460,2.60401
127.0.0.1,4242,17.8603515625,06:17:13.475157,2.60401
127.0.0.1,4242,17.877023220062256,06:17:13.491828,2.60401
127.0.0.1,4242,17.89387083053589,06:17:13.508678,2.60401
127.0.0.1,4242,17.910413026809692,06:17:13.525219,2.60401
127.0.0.1,4242,17.927102088928223,06:17:13.541908,2.60401
127.0.0.1,4242,17.944304943084717,06:17:13.559118,2.60401
127.0.0.1,4242,17.96040964126587,06:17:13.575216,2.60401
127.0.0.1,4242,17.97735905647278,06:17:13.592167,2.60401
127.0.0.1,4242,17.99414825439453,06:17:13.608954,2.60401
127.0.0.1,4242,18.010327100753784,06:17:13.625134,2.60401
127.0.0.1,4242,18.02696132659912,06:17:13.641766,2.60401
127.0.0.1,4242,18.043687105178833,06:17:13.658492,2.60401
127.0.0.1,4242,18.060190677642822,06:17:13.674994,2.60401
127.0.0.1,4242,18.077069759368896,06:17:13.691875,2.60401
127.0.0.1,4242,18.093754529953003,06:17:13.708562,2.60401
127.0.0.1,4242,18.11014485359192,06:17:13.724948,2.60401
127.0.0.1,4242,18.126907348632812,06:17:13.741713,2.60401
127.0.0.1,4242,18.143771171569824,06:17:13.758577,2.60401
127.0.0.1,4242,18.160268783569336,06:17:13.775073,2.60401
127.0.0.1,4242,18.177128314971924,06:17:13.791935,2.60401
127.0.0.1,4242,18.193608283996582,06:17:13.808412,2.60401
127.0.0.1,4242,18.210580110549927,06:17:13.825388,2.60401
127.0.0.1,4242,18.227015495300293,06:17:13.841820,2.60401
127.0.0.1,4242,18.243844032287598,06:17:13.858649,2.60401
127.0.0.1,4242,18.260355710983276,06:17:13.875161,2.60401
127.0.0.1,4242,18.27725648880005,06:17:13.892062,2.60401
127.0.0.1,4242,18.293665885925293,06:17:13.908471,2.60401
127.0.0.1,4242,18.31053924560547,06:17:13.925344,2.60401
127.0.0.1,4242,18.326999187469482,06:17:13.941803,2.60401
127.0.0.1,4242,18.343732595443726,06:17:13.958539,2.60401
127.0.0.1,4242,18.36055636405945,06:17:13.975363,2.60401
127.0.0.1,4242,18.37730860710144,06:17:13.992116,2.60401
127.0.0.1,4242,18.394152402877808,06:17:14.008962,2.60401
127.0.0.1,4242,18.410152435302734,06:17:14.024955,2.60401
127.0.0.1,4242,18.42771291732788,06:17:14.042524,2.60401
127.0.0.1,4242,18.443456649780273,06:17:14.058261,2.60401
127.0.0.1,4242,18.46017074584961,06:17:14.074974,2.60401
127.0.0.1,4242,18.47705602645874,06:17:14.091861,2.60401
127.0.0.1,4242,18.4939603805542,06:17:14.108767,2.60401
127.0.0.1,4242,18.51054835319519,06:17:14.125357,2.60401
127.0.0.1,4242,18.52716326713562,06:17:14.141973,2.60401
127.0.0.1,4242,18.543902158737183,06:17:14.158709,2.60401
127.0.0.1,4242,18.560372591018677,06:17:14.175177,2.60401
127.0.0.1,4242,18.577236652374268,06:17:14.192043,2.60401
127.0.0.1,4242,18.593706607818604,06:17:14.208511,2.60401
127.0.0.1,4242,18.61063289642334,06:17:14.225444,2.60401
127.0.0.1,4242,18.627110481262207,06:17:14.241918,2.60401
127.0.0.1,4242,18.644034147262573,06:17:14.258843,2.60401
127.0.0.1,4242,18.660550594329834,06:17:14.275357,2.60401
127.0.0.1,4242,18.677491664886475,06:17:14.292306,2.60401
127.0.0.1,4242,18.694018602371216,06:17:14.308831,2.60401
127.0.0.1,4242,18.71026062965393,06:17:14.325067,2.60401
127.0.0.1,4242,18.72715139389038,06:17:14.341960,2.60401
127.0.0.1,4242,18.744086742401123,06:17:14.358899,2.60401
127.0.0.1,4242,18.760806798934937,06:17:14.375615,2.60401
127.0.0.1,4242,18.776945114135742,06:17:14.391749,2.60401
127.0.0.1,4242,18.793988704681396,06:17:14.408796,2.60401
127.0.0.1,4242,18.81030821800232,06:17:14.425113,2.60401
127.0.0.1,4242,18.82734751701355,06:17:14.442156,2.60401
127.0.0.1,4242,18.844006299972534,06:17:14.458810,2.60401
127.0.0.1,4242,18.86042022705078,06:17:14.475228,2.60401
127.0.0.1,4242,18.87707209587097,06:17:14.491878,2.60401
127.0.0.1,4242,18.893885850906372,06:17:14.508692,2.60401
127.0.0.1,4242,18.9106502532959,06:17:14.525459,2.60401
127.0.0.1,4242,18.927099227905273,06:17:14.541905,2.60401
127.0.0.1,4242,18.94416046142578,06:17:14.558971,2.60401
127.0.0.1,4242,18.960214853286743,06:17:14.575020,2.60401
127.0.0.1,4242,18.977102279663086,06:17:14.591907,2.60401
127.0.0.1,4242,18.99407958984375,06:17:14.608891,2.60401
127.0.0.1,4242,19.010915517807007,06:17:14.625723,2.60401
127.0.0.1,4242,19.026951551437378,06:17:14.641756,2.60401
127.0.0.1,4242,19.043666124343872,06:17:14.658470,2.60401
127.0.0.1,4242,19.06043791770935,06:17:14.675244,2.60401
127.0.0.1,4242,19.07697343826294,06:17:14.691778,2.60401
127.0.0.1,4242,19.093587398529053,06:17:14.708393,2.60401
127.0.0.1,4242,19.110161066055298,06:17:14.724965,2.60401
127.0.0.1,4242,19.126879930496216,06:17:14.741685,2.60401
127.0.0.1,4242,19.143738508224487,06:17:14.758543,2.60401
127.0.0.1,4242,19.160545110702515,06:17:14.775351,2.60401
127.0.0.1,4242,19.176928758621216,06:17:14.791732,2.60401
127.0.0.1,4242,19.193776845932007,06:17:14.808582,Queue : []
127.0.0.1,4242,19.210201025009155,06:17:14.825004,Queue : []
127.0.0.1,4242,19.2269389629364,06:17:14.841743,Queue : []
127.0.0.1,4242,19.243637323379517,06:17:14.858443,Queue : []
127.0.0.1,4242,19.260239839553833,06:17:14.875044,Queue : []
127.0.0.1,4242,19.27692985534668,06:17:14.891734,Queue : []
127.0.0.1,4242,19.29382872581482,06:17:14.908635,Queue : []
127.0.0.1,4242,19.310458660125732,06:17:14.925268,Queue : []
127.0.0.1,4242,19.326756477355957,06:17:14.941562,Queue : []
127.0.0.1,4242,19.3435115814209,06:17:14.958317,Queue : []
127.0.0.1,4242,19.360405445098877,06:17:14.975215,Queue : []
127.0.0.1,4242,19.377070903778076,06:17:14.991877,Queue : []
127.0.0.1,4242,19.39383840560913,06:17:15.008651,Queue : []
127.0.0.1,4242,19.410492420196533,06:17:15.025303,Queue : []
127.0.0.1,4242,19.42676091194153,06:17:15.041564,Queue : []
127.0.0.1,4242,19.44355535507202,06:17:15.058362,Queue : []
127.0.0.1,4242,19.460278749465942,06:17:15.075088,Queue : []
127.0.0.1,4242,19.477073907852173,06:17:15.091884,Queue : []
127.0.0.1,4242,19.49386978149414,06:17:15.108682,Queue : []
127.0.0.1,4242,19.51047396659851,06:17:15.125285,Queue : []
127.0.0.1,4242,19.527209520339966,06:17:15.142023,Queue : []
127.0.0.1,4242,19.543726682662964,06:17:15.158534,Queue : []
127.0.0.1,4242,19.560451984405518,06:17:15.175260,Queue : []
127.0.0.1,4242,19.577098846435547,06:17:15.191909,Queue : []
127.0.0.1,4242,19.594261646270752,06:17:15.209075,Queue : []
127.0.0.1,4242,19.61043429374695,06:17:15.225242,Queue : []
127.0.0.1,4242,19.627196788787842,06:17:15.242005,Queue : []
127.0.0.1,4242,19.643615007400513,06:17:15.258424,Queue : []
127.0.0.1,4242,19.660441160202026,06:17:15.275251,Queue : []
127.0.0.1,4242,19.67719268798828,06:17:15.291999,Queue : []
127.0.0.1,4242,19.69398546218872,06:17:15.308793,Queue : []
127.0.0.1,4242,19.710780143737793,06:17:15.325588,Queue : []
127.0.0.1,4242,19.727051734924316,06:17:15.341857,Queue : []
127.0.0.1,4242,19.743776559829712,06:17:15.358583,Queue : []
127.0.0.1,4242,19.76059579849243,06:17:15.375408,Queue : []
127.0.0.1,4242,19.777034997940063,06:17:15.391846,Queue : []
127.0.0.1,4242,19.793813943862915,06:17:15.408622,Queue : []
127.0.0.1,4242,19.810495853424072,06:17:15.425303,Queue : []
127.0.0.1,4242,19.82722020149231,06:17:15.442031,Queue : []
127.0.0.1,4242,19.843684196472168,06:17:15.458489,Queue : []
127.0.0.1,4242,19.860072135925293,06:17:15.474876,Queue : []
127.0.0.1,4242,19.876908540725708,06:17:15.491713,Queue : []
127.0.0.1,4242,19.89365005493164,06:17:15.508455,Queue : []
127.0.0.1,4242,19.91048765182495,06:17:15.525294,Queue : []
127.0.0.1,4242,19.92705774307251,06:17:15.541864,Queue : []
127.0.0.1,4242,19.94382929801941,06:17:15.558640,Queue : []
127.0.0.1,4242,19.960336208343506,06:17:15.575146,Queue : []
127.0.0.1,4242,19.976996421813965,06:17:15.591805,Queue : []
127.0.0.1,4242,19.993964433670044,06:17:15.608773,Queue : []
127.0.0.1,4242,20.010475873947144,06:17:15.625283,Queue : []
127.0.0.1,4242,20.026841402053833,06:17:15.641647,Queue : []
127.0.0.1,4242,20.04344630241394,06:17:15.658250,Queue : []
127.0.0.1,4242,20.06016230583191,06:17:15.674968,Queue : []
127.0.0.1,4242,20.076809883117676,06:17:15.691614,Queue : []
127.0.0.1,4242,20.093647718429565,06:17:15.708455,Queue : []
127.0.0.1,4242,20.11022925376892,06:17:15.725033,Queue : []
127.0.0.1,4242,20.12691307067871,06:17:15.741716,Queue : []
127.0.0.1,4242,20.143680810928345,06:17:15.758488,Queue : []
127.0.0.1,4242,20.16010332107544,06:17:15.774909,Queue : []
127.0.0.1,4242,20.17686891555786,06:17:15.791671,Queue : []
127.0.0.1,4242,20.193703174591064,06:17:15.808510,Queue : []
127.0.0.1,4242,20.21023201942444,06:17:15.825037,Queue : []
127.0.0.1,4242,20.22696828842163,06:17:15.841775,Queue : []
127.0.0.1,4242,20.243502616882324,06:17:15.858307,Queue : []
127.0.0.1,4242,20.260342597961426,06:17:15.875149,Queue : []
127.0.0.1,4242,20.276825428009033,06:17:15.891628,Queue : []
127.0.0.1,4242,20.293514490127563,06:17:15.908317,Queue : []
127.0.0.1,4242,20.310190200805664,06:17:15.924995,Queue : []
127.0.0.1,4242,20.326858282089233,06:17:15.941663,Queue : []
127.0.0.1,4242,20.34346604347229,06:17:15.958272,Queue : []
127.0.0.1,4242,20.360371351242065,06:17:15.975178,Queue : []
127.0.0.1,4242,20.37713360786438,06:17:15.991944,Queue : []
127.0.0.1,4242,20.393511533737183,06:17:16.008318,Queue : []
127.0.0.1,4242,20.41049313545227,06:17:16.025300,Queue : []
127.0.0.1,4242,20.426772832870483,06:17:16.041578,Queue : []
127.0.0.1,4242,20.443455934524536,06:17:16.058260,Queue : []
127.0.0.1,4242,20.46017026901245,06:17:16.074974,Queue : []
127.0.0.1,4242,20.47700309753418,06:17:16.091808,Queue : []
127.0.0.1,4242,20.493786334991455,06:17:16.108593,Queue : []
127.0.0.1,4242,20.51021981239319,06:17:16.125025,Queue : []
127.0.0.1,4242,20.527044773101807,06:17:16.141850,Queue : []
127.0.0.1,4242,20.543952703475952,06:17:16.158761,Queue : []
127.0.0.1,4242,20.56071662902832,06:17:16.175530,Queue : []
127.0.0.1,4242,20.576843738555908,06:17:16.191648,Queue : []
127.0.0.1,4242,20.59360408782959,06:17:16.208412,Queue : []
127.0.0.1,4242,20.610480785369873,06:17:16.225292,Queue : []
127.0.0.1,4242,20.627188682556152,06:17:16.241995,Queue : []
127.0.0.1,4242,20.643648386001587,06:17:16.258454,Queue : []
127.0.0.1,4242,20.660477876663208,06:17:16.275286,Queue : []
127.0.0.1,4242,20.677286624908447,06:17:16.292096,Queue : []
127.0.0.1,4242,20.6936297416687,06:17:16.308434,Queue : []
127.0.0.1,4242,20.71048903465271,06:17:16.325296,Queue : []
127.0.0.1,4242,20.727128267288208,06:17:16.341935,Queue : []
127.0.0.1,4242,20.743905305862427,06:17:16.358714,Queue : []
127.0.0.1,4242,20.760392904281616,06:17:16.375199,Queue : []
127.0.0.1,4242,20.777327060699463,06:17:16.392139,Queue : []
127.0.0.1,4242,20.793904542922974,06:17:16.408712,Queue : []
127.0.0.1,4242,20.810471296310425,06:17:16.425279,Queue : []
127.0.0.1,4242,20.826967239379883,06:17:16.441772,Queue : []
127.0.0.1,4242,20.84378671646118,06:17:16.458598,Queue : []
127.0.0.1,4242,20.860463619232178,06:17:16.475269,Queue : []
127.0.0.1,4242,20.87708806991577,06:17:16.491895,Queue : []
127.0.0.1,4242,20.893589735031128,06:17:16.508396,Queue : []
127.0.0.1,4242,20.910226583480835,06:17:16.525031,Queue : []
127.0.0.1,4242,20.927082061767578,06:17:16.541889,Queue : []
127.0.0.1,4242,20.943907260894775,06:17:16.558716,Queue : []
127.0.0.1,4242,20.960278749465942,06:17:16.575085,Queue : []
127.0.0.1,4242,20.9770667552948,06:17:16.591873,Queue : []
127.0.0.1,4242,20.99362325668335,06:17:16.608431,Queue : []
127.0.0.1,4242,21.01072382926941,06:17:16.625532,Queue : []
127.0.0.1,4242,21.02687382698059,06:17:16.641680,Queue : []
127.0.0.1,4242,21.04340410232544,06:17:16.658206,Queue : []
127.0.0.1,4242,21.060047149658203,06:17:16.674849,Queue : []
127.0.0.1,4242,21.076824426651,06:17:16.691629,Queue : []
127.0.0.1,4242,21.09376835823059,06:17:16.708577,Queue : []
127.0.0.1,4242,21.110445022583008,06:17:16.725255,Queue : []
127.0.0.1,4242,21.12679696083069,06:17:16.741601,Queue : []
127.0.0.1,4242,21.143424034118652,06:17:16.758228,Queue : []
127.0.0.1,4242,21.160125494003296,06:17:16.774930,Queue : []
127.0.0.1,4242,21.17700171470642,06:17:16.791810,Queue : []
127.0.0.1,4242,21.193498373031616,06:17:16.808304,Queue : []
127.0.0.1,4242,21.21005630493164,06:17:16.824860,Queue : []
127.0.0.1,4242,21.22690725326538,06:17:16.841714,Queue : []
127.0.0.1,4242,21.243443489074707,06:17:16.858248,Queue : []
127.0.0.1,4242,21.26029944419861,06:17:16.875107,Queue : []
127.0.0.1,4242,21.2768657207489,06:17:16.891671,Queue : []
127.0.0.1,4242,21.293562412261963,06:17:16.908367,Queue : []
127.0.0.1,4242,21.31037402153015,06:17:16.925183,Queue : []
127.0.0.1,4242,21.32683229446411,06:17:16.941638,Queue : []
127.0.0.1,4242,21.343562602996826,06:17:16.958368,Queue : []
127.0.0.1,4242,21.36018991470337,06:17:16.974995,Queue : []
127.0.0.1,4242,21.377000331878662,06:17:16.991805,Queue : []
127.0.0.1,4242,21.393747329711914,06:17:17.008558,Queue : []
127.0.0.1,4242,21.410512924194336,06:17:17.025321,Queue : []
127.0.0.1,4242,21.42676305770874,06:17:17.041567,Queue : []
127.0.0.1,4242,21.443493604660034,06:17:17.058302,Queue : []
127.0.0.1,4242,21.460224390029907,06:17:17.075030,Queue : []
127.0.0.1,4242,21.47710680961609,06:17:17.091915,Queue : []
127.0.0.1,4242,21.493725299835205,06:17:17.108532,Queue : []
127.0.0.1,4242,21.510642051696777,06:17:17.125454,Queue : []
127.0.0.1,4242,21.527327060699463,06:17:17.142139,Queue : []
127.0.0.1,4242,21.543694734573364,06:17:17.158502,Queue : []
127.0.0.1,4242,21.56047749519348,06:17:17.175286,Queue : []
127.0.0.1,4242,21.57730007171631,06:17:17.192108,Queue : []
127.0.0.1,4242,21.59352946281433,06:17:17.208333,Queue : []
127.0.0.1,4242,21.610437631607056,06:17:17.225245,Queue : []
127.0.0.1,4242,21.62700581550598,06:17:17.241811,Queue : []
127.0.0.1,4242,21.643819332122803,06:17:17.258632,Queue : []
127.0.0.1,4242,21.660440921783447,06:17:17.275250,Queue : []
127.0.0.1,4242,21.67721724510193,06:17:17.292025,Queue : []
127.0.0.1,4242,21.69377899169922,06:17:17.308587,Queue : []
127.0.0.1,4242,21.710521697998047,06:17:17.325330,Queue : []
127.0.0.1,4242,21.72699737548828,06:17:17.341805,Queue : []
127.0.0.1,4242,21.74361538887024,06:17:17.358425,Queue : []
127.0.0.1,4242,21.76030206680298,06:17:17.375107,Queue : []
127.0.0.1,4242,21.777179718017578,06:17:17.391988,Queue : []
127.0.0.1,4242,21.79390811920166,06:17:17.408720,Queue : []
127.0.0.1,4242,21.81036067008972,06:17:17.425168,Queue : []
127.0.0.1,4242,21.82723307609558,06:17:17.442045,Queue : []
127.0.0.1,4242,21.843509435653687,06:17:17.458315,Queue : []
127.0.0.1,4242,21.86037302017212,06:17:17.475182,Queue : []
127.0.0.1,4242,21.877450704574585,06:17:17.492263,Queue : []
127.0.0.1,4242,21.89346432685852,06:17:17.508269,Queue : []
127.0.0.1,4242,21.910213232040405,06:17:17.525020,Queue : []
127.0.0.1,4242,21.92707896232605,06:17:17.541885,Queue : []
127.0.0.1,4242,21.943835735321045,06:17:17.558645,Queue : []
127.0.0.1,4242,21.960224390029907,06:17:17.575031,Queue : []
127.0.0.1,4242,21.977043390274048,06:17:17.591849,Queue : []
127.0.0.1,4242,21.993793725967407,06:17:17.608600,Queue : []
127.0.0.1,4242,22.0105037689209,06:17:17.625316,Queue : []
127.0.0.1,4242,22.02735424041748,06:17:17.642166,Queue : []
127.0.0.1,4242,22.043432235717773,06:17:17.658235,Queue : []
127.0.0.1,4242,22.060131311416626,06:17:17.674935,Queue : []
127.0.0.1,4242,22.076753854751587,06:17:17.691557,Queue : []
127.0.0.1,4242,22.093637943267822,06:17:17.708448,Queue : []
127.0.0.1,4242,22.110145330429077,06:17:17.724952,Queue : []
127.0.0.1,4242,22.126884698867798,06:17:17.741692,Queue : []
127.0.0.1,4242,22.143433094024658,06:17:17.758239,Queue : []
127.0.0.1,4242,22.160261631011963,06:17:17.775070,Queue : []
127.0.0.1,4242,22.17693591117859,06:17:17.791743,Queue : []
127.0.0.1,4242,22.193743228912354,06:17:17.808554,Queue : []
127.0.0.1,4242,22.21008825302124,06:17:17.824894,Queue : []
127.0.0.1,4242,22.226932048797607,06:17:17.841741,Queue : []
127.0.0.1,4242,22.243473529815674,06:17:17.858280,Queue : []
127.0.0.1,4242,22.260192394256592,06:17:17.875002,Queue : []
127.0.0.1,4242,22.276742696762085,06:17:17.891548,Queue : []
127.0.0.1,4242,22.293580293655396,06:17:17.908388,Queue : []
127.0.0.1,4242,22.310091972351074,06:17:17.924896,Queue : []
127.0.0.1,4242,22.326969385147095,06:17:17.941778,Queue : []
127.0.0.1,4242,22.343364477157593,06:17:17.958168,Queue : []
127.0.0.1,4242,22.360326766967773,06:17:17.975130,Queue : []
127.0.0.1,4242,22.37676978111267,06:17:17.991575,Queue : []
127.0.0.1,4242,22.393576860427856,06:17:18.008385,Queue : []
127.0.0.1,4242,22.410378217697144,06:17:18.025187,Queue : []
127.0.0.1,4242,22.427226066589355,06:17:18.042039,Queue : []
127.0.0.1,4242,22.443384647369385,06:17:18.058189,Queue : []
127.0.0.1,4242,22.46022081375122,06:17:18.075025,Queue : []
127.0.0.1,4242,22.476873636245728,06:17:18.091691,Queue : []
127.0.0.1,4242,22.493725061416626,06:17:18.108532,Queue : []
127.0.0.1,4242,22.510229110717773,06:17:18.125035,Queue : []
127.0.0.1,4242,22.52721095085144,06:17:18.142035,Queue : []
127.0.0.1,4242,22.54384684562683,06:17:18.158655,Queue : []
127.0.0.1,4242,22.560460805892944,06:17:18.175268,Queue : []
127.0.0.1,4242,22.577276468276978,06:17:18.192085,Queue : []
127.0.0.1,4242,22.593868255615234,06:17:18.208676,Queue : []
127.0.0.1,4242,22.610371589660645,06:17:18.225180,Queue : []
127.0.0.1,4242,22.626954078674316,06:17:18.241759,Queue : []
127.0.0.1,4242,22.64400601387024,06:17:18.258814,Queue : []
127.0.0.1,4242,22.660137176513672,06:17:18.274940,Queue : []
127.0.0.1,4242,22.677026987075806,06:17:18.291833,Queue : []
127.0.0.1,4242,22.693647623062134,06:17:18.308457,Queue : []
127.0.0.1,4242,22.710306882858276,06:17:18.325116,Queue : []
127.0.0.1,4242,22.727165699005127,06:17:18.341974,Queue : []
127.0.0.1,4242,22.74365520477295,06:17:18.358460,Queue : []
127.0.0.1,4242,22.760560512542725,06:17:18.375368,Queue : []
127.0.0.1,4242,22.7771213054657,06:17:18.391928,Queue : []
127.0.0.1,4242,22.7937228679657,06:17:18.408532,Queue : []
127.0.0.1,4242,22.81052541732788,06:17:18.425333,Queue : []
127.0.0.1,4242,22.827266216278076,06:17:18.442076,Queue : []
127.0.0.1,4242,22.84376049041748,06:17:18.458571,Queue : []
127.0.0.1,4242,22.860413074493408,06:17:18.475222,Queue : []
127.0.0.1,4242,22.877225637435913,06:17:18.492034,Queue : []
127.0.0.1,4242,22.89376997947693,06:17:18.508575,Queue : []
127.0.0.1,4242,22.910043001174927,06:17:18.524848,Queue : []
127.0.0.1,4242,22.926815271377563,06:17:18.541619,Queue : []
127.0.0.1,4242,22.94378662109375,06:17:18.558595,Queue : []
127.0.0.1,4242,22.960187673568726,06:17:18.574992,Queue : []
127.0.0.1,4242,22.976922750473022,06:17:18.591728,Queue : []
127.0.0.1,4242,22.993866682052612,06:17:18.608675,Queue : []
127.0.0.1,4242,23.01037836074829,06:17:18.625184,Queue : []
127.0.0.1,4242,23.02717661857605,06:17:18.641984,Queue : []
127.0.0.1,4242,23.04373788833618,06:17:18.658543,Queue : []
127.0.0.1,4242,23.059993267059326,06:17:18.674795,Queue : []
127.0.0.1,4242,23.07680344581604,06:17:18.691607,Queue : []
127.0.0.1,4242,23.093804597854614,06:17:18.708615,Queue : []
127.0.0.1,4242,23.110347270965576,06:17:18.725156,Queue : []
127.0.0.1,4242,23.126821041107178,06:17:18.741628,Queue : []
127.0.0.1,4242,23.143739700317383,06:17:18.758549,Queue : []
127.0.0.1,4242,23.16024088859558,06:17:18.775047,Queue : []
127.0.0.1,4242,23.177087545394897,06:17:18.791898,Queue : []
127.0.0.1,4242,23.193440914154053,06:17:18.808244,Queue : []
127.0.0.1,4242,23.210248708724976,06:17:18.825053,Queue : []
127.0.0.1,4242,23.227079391479492,06:17:18.841890,Queue : []
127.0.0.1,4242,23.2433979511261,06:17:18.858202,Queue : []
127.0.0.1,4242,23.260169506072998,06:17:18.874973,Queue : []
127.0.0.1,4242,23.27694320678711,06:17:18.891751,Queue : []
127.0.0.1,4242,23.29350471496582,06:17:18.908310,Queue : []
127.0.0.1,4242,23.31024193763733,06:17:18.925049,Queue : []
127.0.0.1,4242,23.327181816101074,06:17:18.941993,Queue : []
127.0.0.1,4242,23.343384981155396,06:17:18.958189,Queue : []
127.0.0.1,4242,23.36020827293396,06:17:18.975015,Queue : []
127.0.0.1,4242,23.377012968063354,06:17:18.991821,Queue : []
127.0.0.1,4242,23.39344096183777,06:17:19.008245,Queue : []
127.0.0.1,4242,23.410205841064453,06:17:19.025012,Queue : []
127.0.0.1,4242,23.42709732055664,06:17:19.041908,Queue : []
127.0.0.1,4242,23.443511486053467,06:17:19.058317,Queue : []
127.0.0.1,4242,23.460249423980713,06:17:19.075054,Queue : []
127.0.0.1,4242,23.47686743736267,06:17:19.091671,Queue : []
127.0.0.1,4242,23.493680238723755,06:17:19.108486,Queue : []
127.0.0.1,4242,23.510454654693604,06:17:19.125263,Queue : []
127.0.0.1,4242,23.52706789970398,06:17:19.141875,Queue : []
127.0.0.1,4242,23.54361629486084,06:17:19.158421,Queue : []
127.0.0.1,4242,23.560484647750854,06:17:19.175293,Queue : []
127.0.0.1,4242,23.576857805252075,06:17:19.191664,Queue : []
127.0.0.1,4242,23.593674898147583,06:17:19.208482,Queue : []
127.0.0.1,4242,23.610536575317383,06:17:19.225349,Queue : []
127.0.0.1,4242,23.627158403396606,06:17:19.241966,Queue : []
127.0.0.1,4242,23.643447637557983,06:17:19.258251,Queue : []
127.0.0.1,4242,23.6601243019104,06:17:19.274927,Queue : []
127.0.0.1,4242,23.676997184753418,06:17:19.291804,Queue : []
127.0.0.1,4242,23.693839073181152,06:17:19.308653,Queue : []
127.0.0.1,4242,23.710511207580566,06:17:19.325322,Queue : []
127.0.0.1,4242,23.72705578804016,06:17:19.341864,Queue : []
127.0.0.1,4242,23.743927478790283,06:17:19.358739,Queue : []
127.0.0.1,4242,23.760164976119995,06:17:19.374968,Queue : []
127.0.0.1,4242,23.77712869644165,06:17:19.391940,Queue : []
127.0.0.1,4242,23.79361605644226,06:17:19.408423,Queue : []
127.0.0.1,4242,23.810407876968384,06:17:19.425218,Queue : []
127.0.0.1,4242,23.826969385147095,06:17:19.441777,Queue : []
127.0.0.1,4242,23.8437659740448,06:17:19.458574,Queue : []
127.0.0.1,4242,23.860481023788452,06:17:19.475288,Queue : []
127.0.0.1,4242,23.8772976398468,06:17:19.492106,Queue : []
127.0.0.1,4242,23.89354109764099,06:17:19.508348,Queue : []
127.0.0.1,4242,23.91057276725769,06:17:19.525379,Queue : []
127.0.0.1,4242,23.926798582077026,06:17:19.541602,Queue : []
127.0.0.1,4242,23.943630695343018,06:17:19.558439,Queue : []
127.0.0.1,4242,23.960424661636353,06:17:19.575232,Queue : []
127.0.0.1,4242,23.97702169418335,06:17:19.591827,Queue : []
127.0.0.1,4242,23.99374485015869,06:17:19.608555,Queue : []
127.0.0.1,4242,24.01063060760498,06:17:19.625439,Queue : []
127.0.0.1,4242,24.027172565460205,06:17:19.641980,Queue : []
127.0.0.1,4242,24.04394817352295,06:17:19.658757,Queue : []
127.0.0.1,4242,24.060842275619507,06:17:19.675655,Queue : []
127.0.0.1,4242,24.077136278152466,06:17:19.691948,Queue : []
127.0.0.1,4242,24.093615531921387,06:17:19.708421,Queue : []
127.0.0.1,4242,24.110283851623535,06:17:19.725091,Queue : []
127.0.0.1,4242,24.126832723617554,06:17:19.741637,Queue : []
127.0.0.1,4242,24.143532037734985,06:17:19.758337,Queue : []
127.0.0.1,4242,24.16034698486328,06:17:19.775155,Queue : []
127.0.0.1,4242,24.17691731452942,06:17:19.791723,Queue : []
127.0.0.1,4242,24.193544387817383,06:17:19.808349,Queue : []
127.0.0.1,4242,24.21042537689209,06:17:19.825231,Queue : []
127.0.0.1,4242,24.226924896240234,06:17:19.841733,Queue : []
127.0.0.1,4242,24.243682146072388,06:17:19.858491,Queue : []
127.0.0.1,4242,24.260111331939697,06:17:19.874915,Queue : []
127.0.0.1,4242,24.276887893676758,06:17:19.891695,Queue : []
127.0.0.1,4242,24.29341173171997,06:17:19.908214,Queue : []
127.0.0.1,4242,24.310275077819824,06:17:19.925083,Queue : []
127.0.0.1,4242,24.326868534088135,06:17:19.941673,Queue : []
127.0.0.1,4242,24.343578577041626,06:17:19.958384,Queue : []
127.0.0.1,4242,24.360410690307617,06:17:19.975220,Queue : []
127.0.0.1,4242,24.376708269119263,06:17:19.991511,Queue : []
127.0.0.1,4242,24.3935546875,06:17:20.008358,Queue : []
127.0.0.1,4242,24.41008996963501,06:17:20.024893,Queue : []
127.0.0.1,4242,24.4268856048584,06:17:20.041691,Queue : []
127.0.0.1,4242,24.443425178527832,06:17:20.058229,Queue : []
127.0.0.1,4242,24.460140705108643,06:17:20.074945,Queue : []
127.0.0.1,4242,24.47692847251892,06:17:20.091732,Queue : []
127.0.0.1,4242,24.493311405181885,06:17:20.108114,Queue : []
127.0.0.1,4242,24.510124683380127,06:17:20.124929,Queue : []
127.0.0.1,4242,24.526862144470215,06:17:20.141667,Queue : []
127.0.0.1,4242,24.543785095214844,06:17:20.158595,Queue : []
127.0.0.1,4242,24.560157537460327,06:17:20.174963,Queue : []
127.0.0.1,4242,24.57705855369568,06:17:20.191868,Queue : []
127.0.0.1,4242,24.593550443649292,06:17:20.208358,Queue : []
127.0.0.1,4242,24.610581398010254,06:17:20.225389,Queue : []
127.0.0.1,4242,24.62706685066223,06:17:20.241875,Queue : []
127.0.0.1,4242,24.64380645751953,06:17:20.258617,Queue : []
127.0.0.1,4242,24.660335302352905,06:17:20.275142,Queue : []
127.0.0.1,4242,24.67728567123413,06:17:20.292094,Queue : []
127.0.0.1,4242,24.693832874298096,06:17:20.308640,Queue : []
127.0.0.1,4242,24.710322856903076,06:17:20.325131,Queue : []
127.0.0.1,4242,24.727070331573486,06:17:20.341878,Queue : []
127.0.0.1,4242,24.74385094642639,06:17:20.358658,Queue : []
127.0.0.1,4242,24.76053738594055,06:17:20.375346,Queue : []
127.0.0.1,4242,24.776907444000244,06:17:20.391712,Queue : []
127.0.0.1,4242,24.793803691864014,06:17:20.408615,Queue : []
127.0.0.1,4242,24.810356855392456,06:17:20.425164,Queue : []
127.0.0.1,4242,24.827128648757935,06:17:20.441940,Queue : []
127.0.0.1,4242,24.843825340270996,06:17:20.458633,Queue : []
127.0.0.1,4242,24.86058783531189,06:17:20.475396,Queue : []
127.0.0.1,4242,24.876837491989136,06:17:20.491641,Queue : []
127.0.0.1,4242,24.893739700317383,06:17:20.508547,Queue : []
127.0.0.1,4242,24.910691738128662,06:17:20.525501,Queue : []
127.0.0.1,4242,24.927220106124878,06:17:20.542028,Queue : []
127.0.0.1,4242,24.943442583084106,06:17:20.558246,Queue : []
127.0.0.1,4242,24.960236072540283,06:17:20.575045,Queue : []
127.0.0.1,4242,24.976995706558228,06:17:20.591803,Queue : []
127.0.0.1,4242,24.993760347366333,06:17:20.608568,Queue : []
127.0.0.1,4242,25.01049280166626,06:17:20.625304,Queue : []
127.0.0.1,4242,25.027040243148804,06:17:20.641852,Queue : []
127.0.0.1,4242,25.04387331008911,06:17:20.658686,Queue : []
127.0.0.1,4242,25.060413599014282,06:17:20.675223,Queue : []
127.0.0.1,4242,25.077208042144775,06:17:20.692018,Queue : []
127.0.0.1,4242,25.09346318244934,06:17:20.708266,Queue : []
127.0.0.1,4242,25.110206604003906,06:17:20.725014,Queue : []
127.0.0.1,4242,25.126694917678833,06:17:20.741498,Queue : []
127.0.0.1,4242,25.14350175857544,06:17:20.758304,Queue : []
127.0.0.1,4242,25.160128355026245,06:17:20.774933,Queue : []
127.0.0.1,4242,25.177047967910767,06:17:20.791854,Queue : []
127.0.0.1,4242,25.19343328475952,06:17:20.808236,Queue : []
127.0.0.1,4242,25.21005082130432,06:17:20.824854,Queue : []
127.0.0.1,4242,25.226869583129883,06:17:20.841675,Queue : []
127.0.0.1,4242,25.243505239486694,06:17:20.858314,Queue : []
127.0.0.1,4242,25.260151863098145,06:17:20.874958,Queue : []
127.0.0.1,4242,25.27695322036743,06:17:20.891761,Queue : []
127.0.0.1,4242,25.29352855682373,06:17:20.908332,Queue : []
127.0.0.1,4242,25.310046195983887,06:17:20.924850,Queue : []
127.0.0.1,4242,25.326868295669556,06:17:20.941673,Queue : []
127.0.0.1,4242,25.34366226196289,06:17:20.958469,Queue : []
127.0.0.1,4242,25.360064029693604,06:17:20.974867,Queue : []
127.0.0.1,4242,25.376694440841675,06:17:20.991497,Queue : []
127.0.0.1,4242,25.3934428691864,06:17:21.008247,Queue : []
127.0.0.1,4242,25.410284519195557,06:17:21.025090,Queue : []
127.0.0.1,4242,25.426872968673706,06:17:21.041680,Queue : []
127.0.0.1,4242,25.443479776382446,06:17:21.058285,Queue : []
127.0.0.1,4242,25.460222959518433,06:17:21.075030,Queue : []
127.0.0.1,4242,25.477057933807373,06:17:21.091865,Queue : []
127.0.0.1,4242,25.493562936782837,06:17:21.108368,Queue : []
127.0.0.1,4242,25.51041841506958,06:17:21.125225,Queue : []
127.0.0.1,4242,25.527097940444946,06:17:21.141905,Queue : []
127.0.0.1,4242,25.543746948242188,06:17:21.158557,Queue : []
127.0.0.1,4242,25.560486555099487,06:17:21.175295,Queue : []
127.0.0.1,4242,25.576812744140625,06:17:21.191619,Queue : []
127.0.0.1,4242,25.593676805496216,06:17:21.208484,Queue : []
127.0.0.1,4242,25.61034631729126,06:17:21.225153,Queue : []
127.0.0.1,4242,25.626949310302734,06:17:21.241755,Queue : []
127.0.0.1,4242,25.64382767677307,06:17:21.258635,Queue : []
127.0.0.1,4242,25.660274028778076,06:17:21.275081,Queue : []
127.0.0.1,4242,25.677214860916138,06:17:21.292025,Queue : []
127.0.0.1,4242,25.69389796257019,06:17:21.308706,Queue : []
127.0.0.1,4242,25.71056604385376,06:17:21.325374,Queue : []
127.0.0.1,4242,25.727162837982178,06:17:21.341972,Queue : []
127.0.0.1,4242,25.743898153305054,06:17:21.358709,Queue : []
127.0.0.1,4242,25.760563135147095,06:17:21.375372,Queue : []
127.0.0.1,4242,25.777180671691895,06:17:21.391989,Queue : []
127.0.0.1,4242,25.793652057647705,06:17:21.408458,Queue : []
127.0.0.1,4242,25.810465574264526,06:17:21.425286,Queue : []
127.0.0.1,4242,25.827130794525146,06:17:21.441943,Queue : []
127.0.0.1,4242,25.843501091003418,06:17:21.458305,Queue : []
127.0.0.1,4242,25.860509157180786,06:17:21.475319,Queue : []
127.0.0.1,4242,25.876871347427368,06:17:21.491676,Queue : []
127.0.0.1,4242,25.893718957901,06:17:21.508525,Queue : []
127.0.0.1,4242,25.9105544090271,06:17:21.525363,Queue : []
127.0.0.1,4242,25.927082777023315,06:17:21.541895,Queue : []
127.0.0.1,4242,25.944204330444336,06:17:21.559015,Queue : []
127.0.0.1,4242,25.960057258605957,06:17:21.574862,Queue : []
127.0.0.1,4242,25.97684907913208,06:17:21.591656,Queue : []
127.0.0.1,4242,25.993703365325928,06:17:21.608511,Queue : []
127.0.0.1,4242,26.01051640510559,06:17:21.625323,Queue : []
127.0.0.1,4242,26.027179956436157,06:17:21.641990,Queue : []
127.0.0.1,4242,26.043561220169067,06:17:21.658365,Queue : []
127.0.0.1,4242,26.06057906150818,06:17:21.675405,Queue : []
127.0.0.1,4242,26.076957941055298,06:17:21.691763,Queue : []
127.0.0.1,4242,26.094212532043457,06:17:21.709028,Queue : []
127.0.0.1,4242,26.110210418701172,06:17:21.725017,Queue : []
127.0.0.1,4242,26.12701725959778,06:17:21.741824,Queue : []
127.0.0.1,4242,26.143537521362305,06:17:21.758342,Queue : []
127.0.0.1,4242,26.160207271575928,06:17:21.775015,Queue : []
127.0.0.1,4242,26.177001953125,06:17:21.791811,Queue : []
127.0.0.1,4242,26.193375825881958,06:17:21.808180,Queue : []
127.0.0.1,4242,26.21011209487915,06:17:21.824918,Queue : []
127.0.0.1,4242,26.226958513259888,06:17:21.841768,Queue : []
127.0.0.1,4242,26.243406057357788,06:17:21.858210,Queue : []
127.0.0.1,4242,26.260154008865356,06:17:21.874959,Queue : []
127.0.0.1,4242,26.276668787002563,06:17:21.891473,Queue : []
127.0.0.1,4242,26.293466091156006,06:17:21.908270,Queue : []
127.0.0.1,4242,26.310328722000122,06:17:21.925137,Queue : []
127.0.0.1,4242,26.326754808425903,06:17:21.941558,Queue : []
127.0.0.1,4242,26.34346342086792,06:17:21.958267,Queue : []
127.0.0.1,4242,26.360105276107788,06:17:21.974908,Queue : []
127.0.0.1,4242,26.376813411712646,06:17:21.991616,Queue : []
127.0.0.1,4242,26.39341378211975,06:17:22.008219,Queue : []
127.0.0.1,4242,26.410126209259033,06:17:22.024932,Queue : []
127.0.0.1,4242,26.4271023273468,06:17:22.041912,Exit
127.0.0.1,40497,26.42717409133911,06:17:22.041973,Appel Etage0
127.0.0.1,40497,26.427202224731445,06:17:22.042001,Queue : []
127.0.0.1,40497,26.44333267211914,06:17:22.058137,Queue : []
